SubCounty_ID,SubCounty_Name,County_Name
Tdyu1iQYirq,Bartabwa Ward,Baringo County
OlKUTmnTY57,Barwessa Ward,Baringo County
gF0VBsLJhxK,Churo/Amaya Ward,Baringo County
uhTYg7CLmOd,Emining Ward,Baringo County
Uq1zAqIJXv3,Ewalel/Chapchap Ward,Baringo County
zI7CuvCQcos,Iichamus Ward,Baringo County
Kn2aiEXbw5B,Kabarnet Ward,Baringo County
hOymt7wmmCI,Kabartonjo Ward,Baringo County
er24ckvh14d,Kapropita Ward,Baringo County
LYDEE54oZAu,Kisanana Ward,Baringo County
NFMLHmkjDil,Koibatek Ward,Baringo County
LTWLjOZQMqk,Kolowa Ward,Baringo County
YoFhsT3n9Ln,Lembus Kwen Ward,Baringo County
KUL5AR13rwy,Lembus Ward,Baringo County
NmgTZ010rTT,Lembus/Perkerra Ward,Baringo County
A7kJTCLxqNq,Loiyamorok Ward,Baringo County
bVD6U8Bf6As,Marigat Ward,Baringo County
RUfWwfXjF1B,Mochongoi Ward,Baringo County
duv5obCpRzb,Mogotio Ward,Baringo County
sPoq2HB87R1,Mukutani Ward,Baringo County
b85TEdR4eRk,Mumberes/Maji Mazuri Ward,Baringo County
ikiFHlCFCCq,Ravine Ward,Baringo County
XLsFzNATUQ2,Ribkwo Ward,Baringo County
X0OCKVcartn,Sacho Ward,Baringo County
SRnkv6Fgvoh,Saimo/Soi Ward,Baringo County
PS4XNPha7bO,Saimoi/Kipsaraman Ward,Baringo County
k2oUoGgQ9Nd,Silale Ward,Baringo County
i4HY1pMsQ4q,Tangulbei/Korossi Ward,Baringo County
l7Lt0CsaQGl,Tenges Ward,Baringo County
HTbw8gm6kms,Tirioko Ward,Baringo County
w8SzXPBdjgq,Boito Ward,Bomet County
m6Ko9GT996i,Chebunyo Ward,Bomet County
LK2nY0OUCDG,Chemagel Ward,Bomet County
qj9Id3LgrGI,Chemaner Ward,Bomet County
uMqAPTG5rm0,Chepchabas Ward,Bomet County
Nu4cnZtQHk8,Chesoen Ward,Bomet County
QMzAkzZkH34,Embomos Ward,Bomet County
G6aklDidwGe,Kapletundo Ward,Bomet County
Va67VduPAgZ,Kembu Ward,Bomet County
OFb6pB88hNT,Kimulot Ward,Bomet County
dDmN1rie0ij,Kipreres Ward,Bomet County
p5Z6myFYERX,Kipsonoi Ward,Bomet County
IBgG8lef22L,Kong'asis Ward,Bomet County
drrGwAxlRtW,Longisa Ward,Bomet County
sp794D1MvxT,Merigi Ward,Bomet County
rWijSZrVU5U,Mogogosiek Ward,Bomet County
g5eGcoROeya,Mutarakwa Ward,Bomet County
ygECklrrzGE,Ndanai/Abosi Ward,Bomet County
J4ZIAuamKlu,Ndaraweta Ward,Bomet County
mareBenlFqk,Nyangores Ward,Bomet County
Xj8EsCO27Jv,Rongena/Manaret Ward,Bomet County
KFjbUWezAnU,Sigor Ward,Bomet County
tM4Bmyj48cN,Silibwet Township Ward,Bomet County
wHeMr9JlYBi,Singorwet Ward,Bomet County
zxVl78P6p8i,Siongiroi Ward,Bomet County
rAJO40KF2F6,Bokoli Ward,Bungoma County
gsSTglpX3Wd,Bukembe East Ward,Bungoma County
r6SlF5OJDxM,Bukembe West Ward,Bungoma County
dOJaTypeyA9,Bumula Ward,Bungoma County
sKD6tJgPfbh,Bwake/Luuya Ward,Bungoma County
iKvnghqTvSP,Cheptais Ward,Bungoma County
dnN8o6fbT5I,Chepyuk Ward,Bungoma County
laOitoZMUgC,Chesikaki Ward,Bungoma County
jhQaAr01YU5,East Sang'alo Ward,Bungoma County
zxfCOXaz1ha,Elgon Ward,Bungoma County
g9tqOcjTCbA,Kabuchai/Chwele Ward,Bungoma County
sIW2S02bdN0,Kabula Ward,Bungoma County
krBcnnShWw6,Kamukuywa Ward,Bungoma County
WIQaiUzKu6p,Kapkateny Ward,Bungoma County
X2TaEHQHj6z,Kaptama Ward,Bungoma County
AqsJZWunWRF,Khalaba Ward,Bungoma County
NuxGvo5cvb1,Khasoko Ward,Bungoma County
pxOm9J6SORx,Kibingei Ward,Bungoma County
bMDzJFxR86n,Kimaeti Ward,Bungoma County
E9RhI4J0cKC,Kimilili Ward,Bungoma County
nNiOxPPdyhk,Lwandanyi Ward,Bungoma County
ZZrtQfVb4kP,Maeni Ward,Bungoma County
ftbk97ko25V,Malakisi/South Kulisiru Ward,Bungoma County
chWsC9TTyF3,Maraka Ward,Bungoma County
thvW4MLkf3E,Marakaru/Tuuti Ward,Bungoma County
DfKdo0FepVq,Matulo Ward,Bungoma County
dqhHnPkEqDH,Mbakalo Ward,Bungoma County
frzFOocEhiu,Mihuu Ward,Bungoma County
ky9RthnIKqS,Milima Ward,Bungoma County
PyDYqhwBSoP,Misikhu Ward,Bungoma County
IVA8tzQOkNT,Mukuyuni Ward,Bungoma County
jmsoF18bsh0,Musikoma Ward,Bungoma County
AwkuNWBAvnV,Naitiri/Kabuyefwe Ward,Bungoma County
CenIfdVZZdC,Namwela Ward,Bungoma County
ZoZCpnAFcGo,Ndalu Ward,Bungoma County
WskHX9On3vR,Ndivisi Ward,Bungoma County
iKmwecDBqgX,Siboti Ward,Bungoma County
CYjWRY8PNTJ,Sitikho Ward,Bungoma County
kMwgldKtwou,South Bukusu Ward,Bungoma County
pc8868uNy8r,Soysambu/Mitua Ward,Bungoma County
Epj7vWxFyG0,Tongaren Ward,Bungoma County
ysCS3ZD38VF,Township Ward,Bungoma County
gJUwKJIUKEc,West Bukusu Ward,Bungoma County
gZqLcfKb6LQ,West Nalondo Ward,Bungoma County
uNCqGdTcjkh,West Sang'alo Ward,Bungoma County
soQ5zdUZi2H,Ageng'a Nanguba Ward,Busia County
VAOZFeKsbAT,Amukura Central Ward,Busia County
xPmSqaPoPFT,Amukura East Ward,Busia County
GcsaAX4B8x8,Amukura West Ward,Busia County
umi4GRQTwG0,Ang'orom Ward,Busia County
pVLJ4TYVNAR,Ang'urai East Ward,Busia County
oOa6cVAodY5,Ang'urai North Ward,Busia County
OSO67hxKiUf,Ang'urai South Ward,Busia County
i26gx3p4d5E,Bukhayo Central Ward,Busia County
ov8OgPXuR5N,Bukhayo East Ward,Busia County
YXM5WOeQkyO,Bukhayo North/Walatsi Ward,Busia County
xMPuIHmGdYe,Bukhayo West Ward,Busia County
L8VRh5JlUik,Bunyala Central Ward,Busia County
FrPqZ0quyrF,Bunyala North Ward,Busia County
BBkS40b5WG7,Bunyala South Ward,Busia County
XqcnCg0VZ7k,Bunyala West Ward,Busia County
Yk6G4ret1OC,Burumba Ward,Busia County
cgTC3oqgmKg,Busibwabo Ward,Busia County
fKK4JksHULe,Bwiri Ward,Busia County
rthnyPewuyf,Chakol North Ward,Busia County
Ksb8Prco66C,Chakol South Ward,Busia County
rIwgAyjb2JZ,Elugulu Ward,Busia County
uHJ0GgTgj0p,Kingandole Ward,Busia County
jvY4ig8JLYY,Malaba North Ward,Busia County
VG4qlKr4Z2A,Malaba South Ward,Busia County
UpSuhJyWAIc,Malaba central Ward,Busia County
vURFh88SwIe,Marachi Central Ward,Busia County
IS2J5mu8wNo,Marachi East Ward,Busia County
uHObeeBxuHY,Marachi North Ward,Busia County
WnuuhfEMxBf,Marachi West Ward,Busia County
UMeXjZoZxct,Matayos South Ward,Busia County
Fh0N1GDepVx,Mayenje Ward,Busia County
IUsXLSNYp1f,Nambale Ward,Busia County
TXzHtrNrFeb,Namboboto-nambuku Ward,Busia County
nuZowpCKvMd,Nangina Ward,Busia County
nwXVUZOi5LN,Arror Ward,Elgeyo Marakwet County
ca3KHxzwLQy,Chepkorio Ward,Elgeyo Marakwet County
z5brnaiDs4p,Cherang'any/Chebororwa Ward,Elgeyo Marakwet County
u6ONpoWIV0d,Embobut/Embulot Ward,Elgeyo Marakwet County
i7TCmhUejq5,Emsoo Ward,Elgeyo Marakwet County
pwYHLOkW31r,Endo Ward,Elgeyo Marakwet County
ZUMLw8HBqqW,Kabiemit Ward,Elgeyo Marakwet County
upVp36SDGsU,Kamariny Ward,Elgeyo Marakwet County
XMy3sTrrhew,Kapchemutwa Ward,Elgeyo Marakwet County
bxngHzifzKY,Kapsowar Ward,Elgeyo Marakwet County
elLT94gpbch,Kaptarakwa Ward,Elgeyo Marakwet County
SNs5tEDSO0k,Kapyego Ward,Elgeyo Marakwet County
qsljIZxApCc,Lelan Ward,Elgeyo Marakwet County
mdOmXEGyL3l,Metkei Ward,Elgeyo Marakwet County
aMEeDm5knkx,Moiben/Kuserwo Ward,Elgeyo Marakwet County
OvRvzstUL5A,Sambirir Ward,Elgeyo Marakwet County
T8RJtzhGvHA,Sengwer Ward,Elgeyo Marakwet County
k3OQIur2Wia,Soy North Ward,Elgeyo Marakwet County
SZAo3nP3jDj,Soy South Ward,Elgeyo Marakwet County
q3dexsgOLhS,Tambach Ward,Elgeyo Marakwet County
wZh1OhsZAK2,Central Ward,Embu County
LlyKi6c8KbT,Evurore Ward,Embu County
s3eywuLj65m,Gaturi North Ward,Embu County
FUD1yUgctME,Gaturi South Ward,Embu County
kiVPb44vhiR,Kagaari North Ward,Embu County
QpKvk4GkYRI,Kagaari South Ward,Embu County
CMHN2XMxdY9,Kiambere Ward,Embu County
GjGpfHjSGbO,Kirimari Ward,Embu County
lMTHF7AFCSP,Kithimu Ward,Embu County
QRBxWEQZUpe,Kyeni North Ward,Embu County
hA5gPMwN9gK,Kyeni South Ward,Embu County
AoN9iYrVOUP,Makima Ward,Embu County
IqDql8D0FEF,Mavuria Ward,Embu County
vEAFtHnPDrX,Mbeti North Ward,Embu County
wCqyM612JwW,Mbeti South Ward,Embu County
HpGxgPszuYN,Muminji Ward,Embu County
cWJOQn1YUfg,Mwea Ward,Embu County
juDN8sSnk3O,Nginda Ward,Embu County
tGtfKyhl0y1,Nthawa Ward,Embu County
ncD8mIBXHRn,Ruguru-ngandori Ward,Embu County
Mn7xPHjxcxb,Abakaile Ward,Garissa County
UuAQ2amLjtB,Balambala Ward,Garissa County
phpfjGEVjg8,Baraki Ward,Garissa County
y8xlePXkWw3,Benane Ward,Garissa County
kqTPEb1RsMy,Bura Ward,Garissa County
MG7qx3dHgee,Dadaab Ward,Garissa County
Iz7ISZHUk3Q,Damajale Ward,Garissa County
ap7BwqlvdFg,Danyere Ward,Garissa County
RXFwsNh7egy,Dekaharia Ward,Garissa County
s9YsYYqvjAs,Dertu Ward,Garissa County
kSajt3nW2ip,Fafi Ward,Garissa County
K6stsAPW2Eu,Galbet Ward,Garissa County
iOIfrzq22kC,Goreale Ward,Garissa County
RqPb2VP0OCA,Hulugho Ward,Garissa County
sxXb2Lcz396,Iftin Ward,Garissa County
EgSwrsgfIho,Ijara Ward,Garissa County
tRq5gjmlBdq,Ijara Ward,Garissa County
OoG4wdaPLM8,Jarajara Ward,Garissa County
P8C6Fcb3Q8n,Jarajila Ward,Garissa County
IqrzDYsRJpA,Labisgale Ward,Garissa County
OazP6bDZAb4,Liboi Ward,Garissa County
weu7m3lq9xG,Maalamin Ward,Garissa County
WRLhcN3G2DL,Masalani Ward,Garissa County
iIS797JydB4,Modogashe Ward,Garissa County
EmhVD7pSOTI,Nanighi Ward,Garissa County
bdYNcnPn5ze,Sabena Ward,Garissa County
pSar0ObQa6I,Saka Ward,Garissa County
rw3XdXqwht4,Sangailu Ward,Garissa County
XSRJUTBck5b,Sankuri Ward,Garissa County
OsuzTNGeh3u,Township Ward,Garissa County
moyjoMLymNA,Waberi Ward,Garissa County
UQYZGlkULva,Central Kasipul Ward,Homa Bay County
TzCE8I4W14b,Central Ward,Homa Bay County
nUVin4tYKY2,East Gem Ward,Homa Bay County
RvsMMMCame7,East Kamagak Ward,Homa Bay County
acibphi1EGX,Gembe Ward,Homa Bay County
gieorchg4LE,Gwassi North Ward,Homa Bay County
AuOsnrKcOMF,Gwassi South Ward,Homa Bay County
OOiImc9uz5A,Homa Bay Arujo Ward,Homa Bay County
zOOEW5td56i,Homa Bay Central Ward,Homa Bay County
C5EivIShRVo,Homa Bay East Ward,Homa Bay County
jjce8vXK50R,Homa Bay West Ward,Homa Bay County
nYfCFgklbTM,Kabondo East Ward,Homa Bay County
zkOTNmaTloy,Kabondo West Ward,Homa Bay County
MLB4Nr73Nsh,Kabouch North Ward,Homa Bay County
eScf0oeCcVI,Kabuoch South/Pala Ward,Homa Bay County
V6fgSDAq913,Kagan Ward,Homa Bay County
zwpctzVflwm,Kaksingiri West Ward,Homa Bay County
MAZrrKvz7hU,Kanyadoto Ward,Homa Bay County
LX2KPfCBef4,Kanyaluo Ward,Homa Bay County
QlqqWw642lA,Kanyamwa Kologi Ward,Homa Bay County
ccNnEThhT6C,Kanyamwa Kosewe Ward,Homa Bay County
JY7Gu5x4aGH,Kanyikela Ward,Homa Bay County
eX9fqY9KVU8,Kasgunga Ward,Homa Bay County
bBfvGmNakj6,Kendu Bay Town Ward,Homa Bay County
HUoTkec6KhI,Kibiri Ward,Homa Bay County
ODrYkIYLlui,Kochia Ward,Homa Bay County
FdJzxSJbjk3,Kojwach Ward,Homa Bay County
dPxooReTfTv,Kokwanyo/Kakelo Ward,Homa Bay County
Fsxrjp3QlVa,Kwabwai Ward,Homa Bay County
vbgVuQPf9j7,Lambwe Ward,Homa Bay County
SyS2T2z6JDZ,Mfangano Island Ward,Homa Bay County
bR7hQLC29rl,North Karachuonyo Ward,Homa Bay County
UGCu7Ut7H7M,Ruma-kaksingiri East Ward,Homa Bay County
OjYMSbDEKRc,Rusinga Island Ward,Homa Bay County
xiP5RKdvPTn,South Kasipul Ward,Homa Bay County
RcF7TZ3ciq5,Wang'chieng Ward,Homa Bay County
XQSQgdwyxWP,West Gem Ward,Homa Bay County
pPN9DI12g5m,West Kamagak Ward,Homa Bay County
DbwgMpyBfwd,West Karachuonyo Ward,Homa Bay County
tn1vEO9VD83,West Kasipul Ward,Homa Bay County
aVUy55683jB,Bulla Pesa Ward,Isiolo County
PwpI3UVqNMb,Burat Ward,Isiolo County
HTTUdsL0gAm,Chari Ward,Isiolo County
onY1jZ8tPTG,Cherab Ward,Isiolo County
PoEBay5v6Vh,Garba Tulla Ward,Isiolo County
um7zkcazal1,Kinna Ward,Isiolo County
GHmkA5jGVqQ,Ngare Mara Ward,Isiolo County
ZJgywSuefy6,Oldo/Nyiro Ward,Isiolo County
Yqxw7nddfbo,Sericho Ward,Isiolo County
rIdiIpv9fBt,Wabera Ward,Isiolo County
xqlJRApdss3,Beyond Zero Mobile Clinic(Kajiado County),Kajiado County
oqGH96tt2v4,Dalalekutuk Ward,Kajiado County
u3IXGUmWgZ2,Entonet/Lenkism Ward,Kajiado County
KHFGFujHwZA,Ewuaso Oo Nkidong'i Ward,Kajiado County
yS9HZLzM3Ah,Ildamat Ward,Kajiado County
MMPnyemUFot,Iloodokilani Ward,Kajiado County
ZvbwkucYq4T,Imaroro Ward,Kajiado County
fBbEs297NMY,Imbrikani/Eselelnkei Ward,Kajiado County
BQ7G5kGe1Cv,Kaputiei North Ward,Kajiado County
ZwZ7vxnP9WF,Keekonyokie Ward,Kajiado County
KONREaUfSht,Kenyawa-poka Ward,Kajiado County
REkEoX4PR5g,Kimana Ward,Kajiado County
L6v0cndEtYB,Kitengela Ward,Kajiado County
aLPl4YD1hzh,Kuku Ward,Kajiado County
bSdHZBeB5bQ,Magadi Ward,Kajiado County
quFXokobrnW,Matapato North Ward,Kajiado County
PPE8hAClees,Matapato South Ward,Kajiado County
gV7ZuBU4q7U,Mosiro Ward,Kajiado County
nioMzFVoQ7l,Ngong Ward,Kajiado County
pp24Rb9gQ9W,Nkaimurunya Ward,Kajiado County
RHwexebB7PD,Olkeri Ward,Kajiado County
xvmwT1IuPuK,Oloolua Ward,Kajiado County
oXm4Fpl0iEr,Oloosirkon/Sholinke Ward,Kajiado County
RZsWJRZ4mIG,Ongata Rongai Ward,Kajiado County
LeE5Ma7cpT6,Purko Ward,Kajiado County
Zk0ZFibhfaI,Rombo Ward,Kajiado County
Qa2LjBCOXby,Bunyala Central Ward,Kakamega County
ddOJaw1OQwA,Bunyala East Ward,Kakamega County
soqBddsWHf5,Bunyala West Ward,Kakamega County
WlgJjiJVyHY,Butali/Chegulo Ward,Kakamega County
IgadIOg14CX,Butsotso Central Ward,Kakamega County
dFH6aZXT2rd,Butsotso East Ward,Kakamega County
t8eg6hgrHEp,Butsotso South Ward,Kakamega County
WU8NRoTwaDK,Chekalini Ward,Kakamega County
GCZB9Qc6zCO,Chemuche Ward,Kakamega County
T7ArssRHW3p,Chevaywa Ward,Kakamega County
lZT0FbLOn0I,East Kabras Ward,Kakamega County
ygKYcUMKsy2,East Wanga Ward,Kakamega County
KcXeBdcYXss,Etenje Ward,Kakamega County
Hh55s4mboMi,Idakho Central Ward,Kakamega County
WVPQgX90uxe,Idakho East Ward,Kakamega County
bW4Zp3tt8W7,Idakho North Ward,Kakamega County
gAnhNKgtbOq,Idakho South Ward,Kakamega County
px3RqXi1FU6,Ingoste-matiha Ward,Kakamega County
msMd2VRjWK8,Isukha Central Ward,Kakamega County
LwmmrE9075H,Isukha East Ward,Kakamega County
w6TKm6OEgE7,Isukha North Ward,Kakamega County
xBOLvibwvDH,Isukha South Ward,Kakamega County
O32Jm6NiiBu,Isukha West Ward,Kakamega County
ldYP7L1GA6f,Khalaba Ward,Kakamega County
U7mZiE3Hvys,Kholera Ward,Kakamega County
gccbvaIlS0w,Kisa Central Ward,Kakamega County
YROnQ32WW3W,Kisa East Ward,Kakamega County
XFOc3lfOj2x,Kisa North Ward,Kakamega County
S3ZBq5xn6AN,Kisa West Ward,Kakamega County
mluOaVta06m,Kongoni Ward,Kakamega County
gBgXSPT0eml,Koyonzo Ward,Kakamega County
tzPsC2kiU56,Likuyani Ward,Kakamega County
QDeZMYaTxpd,Lugari Ward,Kakamega County
F2TBdrJClsv,Lumakanda Ward,Kakamega County
V3ZV8jsqN0Z,Lusheya/Lubinu Ward,Kakamega County
nbaDAo4y7cH,Lwandeti Ward,Kakamega County
OikFajghArn,Mahiakalo Ward,Kakamega County
LFTRMczCZWE,Malaha/Isongo/Makunga Ward,Kakamega County
oQbUJJHfsbX,Manda-shivanga Ward,Kakamega County
p8bUOZBUz0i,Marama Central Ward,Kakamega County
CcUrOE5FsJW,Marama North Ward,Kakamega County
NTHccL0KJ5j,Marama South Ward,Kakamega County
cYwe7Q54BbE,Marama West Ward,Kakamega County
KqnktZiiyGZ,Marenyo-shianda Ward,Kakamega County
ceveVgwvcc7,Mautuma Ward,Kakamega County
PXAviuGXJGl,Mayoni Ward,Kakamega County
w6anQIp7OrZ,Mumias Central Ward,Kakamega County
Ma35n0snJbX,Mumias North Ward,Kakamega County
MtRX8xhwq3F,Murhanda Ward,Kakamega County
vi6Huowv9e7,Musanda Ward,Kakamega County
LaVcN8NDdNa,Namamali Ward,Kakamega County
bWhvWmGfQqn,Nzoia Ward,Kakamega County
A7zboeNsKAz,Sango Ward,Kakamega County
QVwBQhJwtOG,Sheywe Ward,Kakamega County
rFlaJBkq35x,Shinoyi-shikomari-esumeiya Ward,Kakamega County
yKF1kdNdLqM,Shirere Ward,Kakamega County
pCenQt4VPGz,Shirungu-mugai Ward,Kakamega County
clRPOipiZXp,Sinoko Ward,Kakamega County
klgKsqqI93s,South Kabras Ward,Kakamega County
vwGFBoFGIlm,West Kabras Ward,Kakamega County
ZJyTpeyEcK5,Ainamoi Ward,Kericho County
YnEUPEUnejZ,Chaik Ward,Kericho County
hLTIOtzQE9w,Cheboin Ward,Kericho County
dbSH3rqE3n1,Chemosot Ward,Kericho County
qqTlgrxWdkY,Cheplanget Ward,Kericho County
k828CVWMS7V,Chepseon Ward,Kericho County
d45kXzPbKzk,Cheptororiet/Seretut Ward,Kericho County
aNuklGLRul5,Chilchila Ward,Kericho County
yr6iJLD5JmG,Kabianga Ward,Kericho County
O7GqFgG69Md,Kamasian Ward,Kericho County
t6j6TDZfwrc,Kapkatet Ward,Kericho County
D2NqKgPvDTJ,Kapkugerwet Ward,Kericho County
pPJvbpIWpvb,Kaplelartet Ward,Kericho County
V4rpRD8L2PY,Kapsaos Ward,Kericho County
oNPVt1oUD8L,Kapsoit Ward,Kericho County
t50eEX07TcG,Kapsuser Ward,Kericho County
tqCrm5nojsI,Kedowa/Kimugul Ward,Kericho County
H7KO7IjHYfk,Kipchebor Ward,Kericho County
pI2ju7BZsfE,Kipchimchim Ward,Kericho County
fLlw3oVxfPp,Kipkelion Ward,Kericho County
isMgPdVs6v0,Kisiara Ward,Kericho County
phnXUDE38Bv,Kunyak Ward,Kericho County
rkbxH4r1ceD,Litein Ward,Kericho County
hnO1LFuQFvR,Londiani Ward,Kericho County
BzWaUDxCn6y,Sigowet Ward,Kericho County
bHrDi28DWdF,Soin Ward,Kericho County
dUgf0oEF9if,Soliat Ward,Kericho County
Fz7L53g5qRy,Tebesonik Ward,Kericho County
OrFIWXUMeP6,Tendeno/Sorget Ward,Kericho County
yG5oV3cleu9,Waldai Ward,Kericho County
wHuKqxwdIQs,Aga Khan Medical Clinic Ruaka,Kiambu County
uQXYQokmIzX,Biashara Ward,Kiambu County
cSNzNEfbQfk,Bibirioni Ward,Kiambu County
ReDzOcQ8mT1,Chania Ward,Kiambu County
woYqYmbk8hx,Cianda Ward,Kiambu County
FXeEa4cMeYS,Dommy Medical Clinic,Kiambu County
B1GDVDYIGwK,Gatongora Ward,Kiambu County
t7COLdUthus,Gatuanyaga Ward,Kiambu County
P3TwXvbGu0Y,Gitaru Ward,Kiambu County
jALskID8BQS,Githiga Ward,Kiambu County
Dg4t78ouq8h,Githobokoni Ward,Kiambu County
NFNF57gkxbf,Githunguri Ward,Kiambu County
Gf7UYKPruI2,Gitothua Ward,Kiambu County
vR89p0TyICU,Gituamba Ward,Kiambu County
UPplEbma7DN,Hospital Ward,Kiambu County
zvhM3m7bIIh,Ikinu Ward,Kiambu County
WsPnZQHN2CZ,Juja Ward,Kiambu County
ERl76hzXrr7,Kabete Ward,Kiambu County
Cy4VEPfGEhu,Kabuteti (AIC) Medical Clinic,Kiambu County
w3MNsmpJJHX,Kahawa Wendani Ward,Kiambu County
Lc6GluslY9h,Kahawa/Sukari Ward,Kiambu County
Cqn7anNruE5,Kalimoni Ward,Kiambu County
rq7Y1sxGfgN,Kamburu Ward,Kiambu County
A7a1GZJvTGD,Kamenu Ward,Kiambu County
rdJwRuqqUHC,Karai Ward,Kiambu County
eCWu3IedbJm,Karuri Ward,Kiambu County
ORuLgjaAGBo,Kiamwangi Ward,Kiambu County
YEjn4x9gyXR,Kiganjo Ward,Kiambu County
L4eA6Nld41v,Kihara Ward,Kiambu County
oA6eNmEvCaj,Kijabe Ward,Kiambu County
cbYznphRVBi,Kikuyu Ward,Kiambu County
DnlusvsKIKj,Kinale Ward,Kiambu County
WoFjxj90Kle,Kinoo Ward,Kiambu County
PN1D8Nm8ufZ,Kiuu Ward,Kiambu County
Tqs3YLWw30B,Komothai Ward,Kiambu County
NfJb3vThwG5,Lari/Kirenga Ward,Kiambu County
DwOhEdMGpB7,Limuru Central Ward,Kiambu County
JbltwguSYWn,Limuru East Ward,Kiambu County
C5gJnXO6h1Y,Mang'u Ward,Kiambu County
v46jgbTAri7,Muchatha Ward,Kiambu County
LSpZcRA9tgp,Muguga Ward,Kiambu County
OW3dhCE5nw8,Murera Ward,Kiambu County
dnLaU3RrCnp,Mwihoko Ward,Kiambu County
KoIp1GKz0UI,Mwiki Ward,Kiambu County
gFLRh6j7pBd,Nachu Ward,Kiambu County
BWRIH7ocbHB,Ndarugu Ward,Kiambu County
lRFhjTLImNu,Ndeiya Ward,Kiambu County
NQ4XWNy3RM0,Ndenderu Ward,Kiambu County
B7Ek2TSSkr9,Ndumberi Ward,Kiambu County
tp0mFiSv7ar,Ngecha Tigoni Ward,Kiambu County
l4MV7dNKjrG,Ngenda Ward,Kiambu County
bkMHxVGDIcL,Ngewa Ward,Kiambu County
VWuMYjG4YX4,Ngoliba Ward,Kiambu County
S5vdlHabZzv,Nyadhuna Ward,Kiambu County
aR3qJ3GyWeP,Nyanduma Ward,Kiambu County
xgHhSzo3AuN,Riabai Ward,Kiambu County
Rm2JR4F01rw,Sigona Ward,Kiambu County
fxLikKorklY,Theta Ward,Kiambu County
G5RaW09czpW,Ting'ang'a Ward,Kiambu County
byxif4bfwvo,Township Ward,Kiambu County
x1SnGzy9rZL,Township Ward,Kiambu County
AJKSRemTmee,Uthiru Ward,Kiambu County
OqnujBG8mvl,Witeithie Ward,Kiambu County
EO3kbx8nZIp,Adu Ward,Kilifi County
BE24fZlEXxt,Bamba Ward,Kilifi County
yi6G0JRSjwo,Chasimba Ward,Kilifi County
bux1wH7ORbS,Closed_Duplicate_St Mary's Health Care,Kilifi County
rgdgbj0yHfG,Dabaso Ward,Kilifi County
gWqTliiaRaB,Ganda Ward,Kilifi County
f51CfBzKknF,Ganze Ward,Kilifi County
nResMsI1yRw,Garashi Ward,Kilifi County
nsigtOm8lE7,Gongoni Ward,Kilifi County
JLTt8kf6vtA,Jaribuni Ward,Kilifi County
nqJwUrOo66m,Jilore Ward,Kilifi County
FyFIsGw4IJR,Junju Ward,Kilifi County
ckJv892Aokb,Kakuyuni Ward,Kilifi County
KOJIrVBHq0c,Kaloleni Ward,Kilifi County
rJRyj2PndJ3,Kambe/Ribe Ward,Kilifi County
FzfEfKdj7p6,Kayafungo Ward,Kilifi County
MrSf22UB5d3,Kibarani Ward,Kilifi County
uI1MltAs8p3,Magarini Ward,Kilifi County
u6oi5OySCnQ,Malindi Town Ward,Kilifi County
Icchyn9Ob1j,Marafa Ward,Kilifi County
utg5SKGYTGO,Mariakani Ward,Kilifi County
XWYco24xiw4,Matsangoni Ward,Kilifi County
QvkC6t7JwZB,Mnarani Ward,Kilifi County
Z6pxPuARGdF,Mtepeni Ward,Kilifi County
B2L7OVm0ZO1,Mwanamwinga Ward,Kilifi County
sWZmeA6lkx9,Mwarakaya Ward,Kilifi County
eT3Udm3xjFw,Mwawesa Ward,Kilifi County
mi5ayQN77v7,Rabai/Kisurutini Ward,Kilifi County
u36eldinqnE,Ruruma Ward,Kilifi County
fXc21yLLxVd,Sabaki Ward,Kilifi County
kKIgRAJckI3,Shella Ward,Kilifi County
QfHPo7H918V,Shimo La Tewa Ward,Kilifi County
kpL4HsQ7YZ5,Sokoke Ward,Kilifi County
M5NeUqFK6KO,Sokoni Ward,Kilifi County
xmMP1QapXiY,Tezo Ward,Kilifi County
FmnSathgx18,Watamu Ward,Kilifi County
zY1T5H8vk9z,Baragwi Ward,Kirinyaga County
tWc3XLOEMO1,Gathigiriri Ward,Kirinyaga County
upv9qERTCCI,Inoi Ward,Kirinyaga County
E8dTFNJYgtl,Kabare Ward,Kirinyaga County
fghL5DnydV2,Kangai Ward,Kirinyaga County
WtvrxP6Ra8K,Kanyekini Ward,Kirinyaga County
LAhI3yCEdB1,Kariti Ward,Kirinyaga County
jlthZ0Rz41H,Karumandi Ward,Kirinyaga County
pToDCseGSVa,Kerugoya Ward,Kirinyaga County
BSHD4ORT4xu,Kiine Ward,Kirinyaga County
fCiM1MhUvOj,Mukure Ward,Kirinyaga County
yXzhbb6Zwi8,Murinduko Ward,Kirinyaga County
xFI9cbIii9H,Mutira Ward,Kirinyaga County
K3uHCihezz7,Mutithi Ward,Kirinyaga County
ClOFuXgqcFJ,Ngariama Ward,Kirinyaga County
hnLq51q52zo,Njukiine Ward,Kirinyaga County
Gsl9Z7f1kbX,Nyangati Ward,Kirinyaga County
qrCcjRw4mdw,Tebere Ward,Kirinyaga County
Fx3891QAEv0,Thiba Ward,Kirinyaga County
zMPe9KHPLp0,Wamumu Ward,Kirinyaga County
UGCnusbnkFI,Basi Central Ward,Kisii County
u15fCmBOYHT,Bassi Bogetaorio Ward,Kisii County
g8iPQGXNRmg,Birongo Ward,Kisii County
H5US8Zu9bIJ,Bobaracho Ward,Kisii County
Xwhn2CB2cZ3,Bobasi Chache Ward,Kisii County
wXOHBThI5Kf,Bobasi/Boitangare Ward,Kisii County
TwsN9rzFim6,Bogeka Ward,Kisii County
NZLSKCRL1O0,Bogetenga Ward,Kisii County
JKJtpBP77A1,Bogiakumu Ward,Kisii County
rWETDR5My3k,Bogusero Ward,Kisii County
OrArvkA4MbA,Boikanga Ward,Kisii County
F0FgIasVA92,Bokimonge Ward,Kisii County
lRfveTknPgF,Bomariba Ward,Kisii County
q6eyMKDnFA0,Bombaba Borabu Ward,Kisii County
MyzWMCaSFlX,Bomorenda Ward,Kisii County
iklOZN0Ok77,Boochi Borabu Ward,Kisii County
vsolg5FcWRP,Boochi Tendere Ward,Kisii County
R8gqeFZV0qT,Boochi/Tendere Ward,Kisii County
fBGAi2rHJgE,Borabu/Chitago Ward,Kisii County
BNC4x8wPAsw,Bosoti/Sengera Ward,Kisii County
GC3CIljaAjo,Gesusu Ward,Kisii County
lY9h6WKKqjC,Getenga Ward,Kisii County
v0dNWrWeT7B,Ibeno Ward,Kisii County
TSCRn3jEAXw,Ichuni Ward,Kisii County
O8hNbyssZJJ,Kegogi Ward,Kisii County
fsE425Pq6Bo,Keumbu Ward,Kisii County
cpLjDOte8ze,Kiamokama Ward,Kisii County
o25UHSbQwGY,Kiogoro Ward,Kisii County
IO0zXx5HVO2,Kisii Central Ward,Kisii County
erVsVGwRwBc,Kisii central Ward,Kisii County
E731mef9qpf,Kitutu Central Ward,Kisii County
DHNNNbrtKX9,Magenche Ward,Kisii County
fOorbUi6HUx,Majoge Basi Ward,Kisii County
BR5uAoEu5yV,Marani Ward,Kisii County
ZmF6haTsiNT,Masige East Ward,Kisii County
kNhuVMT4NIA,Masige West Ward,Kisii County
CDUIv5RI0VU,Masimba Ward,Kisii County
PwxIcksWPYQ,Monyerero Ward,Kisii County
nbMilBEW7vk,Moticho Ward,Kisii County
oAXSVQp3K0O,Nyacheki Ward,Kisii County
z8JmM1WxmgG,Nyakoe Ward,Kisii County
CbtRAlHp1JA,Nyamasibi Ward,Kisii County
Dvfw4PI207c,Nyatieko Ward,Kisii County
f2pOlRPY9gE,Riana Ward,Kisii County
qH2ke0Qrbu7,Sameta/Mokwerero Ward,Kisii County
SmXNTLIxvM0,Sensi Ward,Kisii County
e0kbTojCjio,Tabaka Ward,Kisii County
F1etBBfosCl,Ahero Ward,Kisumu County
Vi7hrFiryu0,Awasi/Onjiko Ward,Kisumu County
Xs7PwQOVMmb,Central Kisumu Ward,Kisumu County
go41UxgIdh5,Central Nyakach Ward,Kisumu County
o6cVZ72goEk,Central Seme Ward,Kisumu County
WzjCQ2bnOk7,Chemelil Ward,Kisumu County
ONutw6s6W4y,East Kano/Wawidhi Ward,Kisumu County
BRDtIETwfeW,East Seme Ward,Kisumu County
LCXl4ftRJYy,Kabonyo/Kanyagwai Ward,Kisumu County
xyzeTkTa8o7,Kajulu Ward,Kisumu County
SPH4pigpmjD,Kisumu North Ward,Kisumu County
s2NvoXiAGWj,Kobura Ward,Kisumu County
ml7KNIMIuvz,Kolwa Central Ward,Kisumu County
kQXcKGM8chb,Kolwa East Ward,Kisumu County
pOsTvaq49pN,Kondele Ward,Kisumu County
It7fWcKbcZX,Manyatta B Ward,Kisumu County
wTeTHBlXnQj,Market Milimani Ward,Kisumu County
FFfi4zTqdH2,Masogo/Nyang'oma Ward,Kisumu County
oz6zXuKWiR9,Migosi Ward,Kisumu County
PoYQc8biHf3,Miwani Ward,Kisumu County
cyChGO6tdNS,Muhoroni Koru Ward,Kisumu County
G2B9ridstXR,North Nyakach Ward,Kisumu County
b2DzrddWnYN,North Seme Ward,Kisumu County
r6rYPoyjxvR,North West Kisumu Ward,Kisumu County
roJc7UkCD2l,Nyalenda A Ward,Kisumu County
yz3WGD5x3v2,Nyalenda B Ward,Kisumu County
cnOFVqKDVEi,Ombeyi Ward,Kisumu County
ZplKg3SMkIC,Railways Ward,Kisumu County
UqLylL8NY0G,Shauri Moyo Kaloleni Ward,Kisumu County
TAZBFBDq6KC,South East Nyakach Ward,Kisumu County
hAzpUozlCyI,South West Kisumu Ward,Kisumu County
oTl0WEQrKtX,South West Nyakach Ward,Kisumu County
DP7qvMiw5Du,West Kisumu Ward,Kisumu County
cSmqxMnL3hd,West Nyakach Ward,Kisumu County
ulkhuNyw2MH,West Seme Ward,Kisumu County
amA6INYYpDG,Athi Ward,Kitui County
vvsB9Kldjzy,Central Ward,Kitui County
CHn58eAvVl9,Chuluni Ward,Kitui County
p0vnle5S7g2,Endau/Malalani Ward,Kitui County
BLSmZHA1d92,Ikanga/Kyatune Ward,Kitui County
hwHZgY7hwgN,Ikutha Ward,Kitui County
pesguszdkri,Kanyangi Ward,Kitui County
zNPxEQ4AIcH,Kanziku Ward,Kitui County
T9ZjyItHbW9,Kauwi Ward,Kitui County
vpiZlB5cdK7,Kiomo/Kyethani Ward,Kitui County
ZkMkC815uDw,Kisasi Ward,Kitui County
Xl4sI0chC8S,Kivou Ward,Kitui County
rWDqxS3mGCY,Kwamutonga/Kithumula Ward,Kitui County
LHmp6sPE2w7,Kwavonza/Yatta Ward,Kitui County
XCMLultdtNW,Kyangwithya East Ward,Kitui County
ENDuWpU74vp,Kyangwithya West Ward,Kitui County
tKZn1p295Nb,Kyome/Thaana Ward,Kitui County
WJLrTzwzXNb,Kyuso Ward,Kitui County
fIEkqCnDeKD,Matinyani Ward,Kitui County
MLjJaYTdwrs,Mbitini Ward,Kitui County
iu8wSlOZmfl,Miambani Ward,Kitui County
Apa4iLKG02o,Migwani Ward,Kitui County
XBMMn5fIwkJ,Mui Ward,Kitui County
KBHoROCFohc,Mulango Ward,Kitui County
uyBigxC7fHZ,Mumoni Ward,Kitui County
V2yqe9L0ha7,Mutha Ward,Kitui County
qWZAzrzTN2v,Mutitu/Kaliku Ward,Kitui County
ToGeasli0pe,Mutomo Ward,Kitui County
IgBhlSMshmk,Mutongoni Ward,Kitui County
zR0sWpigMWE,Ngomeni Ward,Kitui County
rPWcODiKrP8,Nguni Ward,Kitui County
wBisHlJd2aK,Nguutani Ward,Kitui County
WOJ90HLwb6o,Nuu Ward,Kitui County
Ekb0OY8S4Jm,Nzambani Ward,Kitui County
bBYJtOmYctd,Tharaka Ward,Kitui County
xM6qhREfp7o,Township Ward,Kitui County
RJxeNbjGm71,Tseikuru Ward,Kitui County
fYDplrDSXQI,Voo/Kyamatu Ward,Kitui County
sTm9i4x7TTQ,Waita Ward,Kitui County
fgZAe9zffHF,Zombe/Mwitika Ward,Kitui County
TwX1KTjb8Qp,Chengoni/Samburu Ward,Kwale County
n3kQ3ntjOmT,Closed_Duplicate_Mvindeni Dispensary,Kwale County
lijbuerznbA,Dzombo Ward,Kwale County
ByAmsolBen5,Gambato Bongwe Ward,Kwale County
aom47Uzq1RZ,Kasemeni Ward,Kwale County
PrGoCfZ06gm,Kinango Ward,Kwale County
pOKIONEzUyF,Kinondo Ward,Kwale County
dQkHuP0kVjq,Kubo South Ward,Kwale County
wfUbX2QagwS,Mackinon Road Ward,Kwale County
rzPzDuVVuqw,Mkongani Ward,Kwale County
vjeHNVWOsRk,Mwavumbo Ward,Kwale County
PBhYjIVYdhk,Mwereni Ward,Kwale County
YZvux1SW3bs,Ndavaya Ward,Kwale County
oJkRlx56eac,Pongwe/Kikokeni Ward,Kwale County
QEGPqON6Zcj,Puma Ward,Kwale County
VGENlt3MTt7,Ramisi Ward,Kwale County
JBSYO3skSW5,Tiwi Ward,Kwale County
HLbG24kuSHF,Tsimba Golini Ward,Kwale County
iBuXrh8ESS2,Ukunda Ward,Kwale County
HEKTLM0EwH0,Vanga Ward,Kwale County
XZNJ3zaiaZH,Waa Ng'ombeni Ward,Kwale County
pgF7Kz2WZPu,Githiga Ward,Laikipia County
q38k1nKzsRS,Igwamiti Ward,Laikipia County
OhvgVomhsMZ,Marmanet Ward,Laikipia County
mCuMb3PtRxt,Mowarak Dispensary,Laikipia County
qZ5JBQj1DxJ,Mugogodo East Ward,Laikipia County
Zrkf6cQj2AP,Mugogodo West Ward,Laikipia County
DpYpJ6E1vRc,Nanyuki Ward,Laikipia County
pxHH7AAkfR6,Ngobit Ward,Laikipia County
IZGBFhMdekx,Ol-moran Ward,Laikipia County
JoGNwQRLIWT,Rumuruti Township Ward,Laikipia County
vU9560o42tL,Salama Ward,Laikipia County
Kx1h1yqLZh9,Segera Ward,Laikipia County
Dg8SGNnGQny,Sosian Ward,Laikipia County
AMlucMGQuxK,Thingithu Ward,Laikipia County
ccNXklFrzuP,Tigithi Ward,Laikipia County
GpddBXmXl2i,Umande Ward,Laikipia County
m7FYoouCqec,Bahari Ward,Lamu County
YbfMLNQRxtf,Basuba Ward,Lamu County
xDKzFE2qfHL,Faza Ward,Lamu County
yCylsEe6jSZ,Hindi Ward,Lamu County
att6OMwShzH,Hongwe Ward,Lamu County
fmWYhwoFxe8,Kiunga Ward,Lamu County
khU4bMjWLt6,Mkomani Ward,Lamu County
wXf275eEPuy,Mkunumbi Ward,Lamu County
hlwSQTsP5nU,Shella Ward,Lamu County
aoySZ1KcDFN,Witu Ward,Lamu County
CYAMnUYLITU,Athi River Ward,Machakos County
Ado6AndJdpf,Ekalakala Ward,Machakos County
WbIDO49rq3j,Emmanuel Medical Clinic (Kangundo),Machakos County
xdrpx0Lyil3,Good Will Medical Clinic,Machakos County
Wr2W0KGNqUa,Heshima Medical Clinic (Kangundo),Machakos County
wexmdiGF0H0,Ideal Medical Clinic (Kangundo),Machakos County
Q4EsypvUANP,Ikombe Ward,Machakos County
X0dFLUEZDlw,Kalama Ward,Machakos County
xcOIxh5GkD7,Kangundo Central Ward,Machakos County
hBftnwiDBHL,Kangundo East Ward,Machakos County
GCpjuDfIVDu,Kangundo North Ward,Machakos County
Q66EmTxlCi3,Kangundo West Ward,Machakos County
w0RAITw1HWe,Katangi Ward,Machakos County
vviGMt93opf,Kathiani Central Ward,Machakos County
vzUXLmjcQsv,Kibauni Ward,Machakos County
COrVDPRzUZp,Kinanie Ward,Machakos County
LELK9LZb2qR,Kithimani Ward,Machakos County
Z1lLfOZ4sab,Kivaa Ward,Machakos County
RWCExNJBqjw,Kola Ward,Machakos County
XgDHRzDJYER,Kyeleni Ward,Machakos County
uRN4WDLAPSP,Lower Kaewa/Kaani Ward,Machakos County
bSXsHJ4bnCw,Machakos Central Ward,Machakos County
TJzFwLOJNeV,Machakos Central Ward,Machakos County
LFDB6rHVYOg,Makutano/Mwala Ward,Machakos County
aN66G7fGx3m,Masii Ward,Machakos County
Gy8x7tShO72,Masinga Central Ward,Machakos County
h7uQVEIqRlk,Mathatani Ward,Machakos County
raVM522IGju,Matungulu East Ward,Machakos County
cYcOCBgwwwN,Matungulu North Ward,Machakos County
OMFDcpMhxBr,Matungulu West Ward,Machakos County
EhkLDtwfJnH,Matuu Ward,Machakos County
mTYNhOlvCK8,Mbiuni Ward,Machakos County
kTPK3jU6vdp,Mitamboni Ward,Machakos County
aQ530J1wOWr,Mua Ward,Machakos County
W5KRNT7qwnJ,Mumbuni North Ward,Machakos County
mbGPooHKbdA,Muthesya Ward,Machakos County
p3N8fKKiVHr,Muthetheni Ward,Machakos County
ZlcAxf7QN8c,Muthwani Ward,Machakos County
m6H14WsORB0,Mutituni Ward,Machakos County
CJ0xDJy3ZZI,Muvuti/Kiima-kimwe Ward,Machakos County
hVGX2N2vzsO,Ndalani Ward,Machakos County
PUxylhB5rfi,Ndithini Ward,Machakos County
Vxd0N1DqNpS,Premier Medical Clinic (Kangundo),Machakos County
TcWlRA6LpLB,Syokimau/Mulolongo Ward,Machakos County
fEYm1lDe2ES,Tala Ward,Machakos County
nDNeAIZ7KRc,Upper Kaewa/Iveti Ward,Machakos County
TlP41wTPt6a,Wamunyu Ward,Machakos County
Q1FhAEC0Ode,Emali/Mulala Ward,Makueni County
xB9PrSz7UNP,Ilima Ward,Makueni County
wFxBj0Hldme,Ivingoni/Nzambani Ward,Makueni County
EQCXKT8S5SE,Kalawa Ward,Makueni County
GzIJxIa88Fg,Kasikeu Ward,Makueni County
uBWnkt16xIs,Kathonzweni Ward,Makueni County
hlz6Fo6Dr90,Kee Ward,Makueni County
EvQ0fdCX5Qi,Kikumbulyu North Ward,Makueni County
QuGPZs62NHX,Kikumbulyu South Ward,Makueni County
ObrcNOdPKpV,Kilungu Ward,Makueni County
VnerQmEfHq1,Kima Kiu/Kalanzoni Ward,Makueni County
Y9QRNvbj4ig,Kiteta-kisau Ward,Makueni County
kbwrNLg8qn9,Kithungo/Kitundu Ward,Makueni County
Jcz6ykVTJxT,Kitise/Kithuki Ward,Makueni County
HHjcyeBEO9W,Makindu Ward,Makueni County
oVE1UXXDGcA,Masongaleni Ward,Makueni County
jGvMus41myr,Mavindini Ward,Makueni County
VUT7af8sHh5,Mbitini Ward,Makueni County
wp8DtxcZfwK,Mbooni Ward,Makueni County
LAm2YbBslNB,Mtito Andei Ward,Makueni County
sZE7f9VLEbp,Mukaa Ward,Makueni County
bMFoCdyYs5e,Muvau/Kikumini Ward,Makueni County
SJ03kAWXPyt,Nguu/Masumba Ward,Makueni County
ErVmSqffPmn,Nguumo Ward,Makueni County
Amj9UOaw3tP,Nzaui/Kilili/Kalamba Ward,Makueni County
zU0IodQbzMz,Thange Ward,Makueni County
FNq96CChp6E,Tulimani Ward,Makueni County
INKzs9VvqEs,Ukia Ward,Makueni County
aMAJt97Ksnm,Waia-kako Ward,Makueni County
MGxM50hGFBS,Wote Ward,Makueni County
zFbFESCJ8mq,Alungo Gof Ward,Mandera County
o8RzRkx3x4Q,Arabia Ward,Mandera County
YJhdNCfPDKH,Ashabito Ward,Mandera County
doitLG3v6PZ,Banissa Ward,Mandera County
g1daXHb0Lz0,Bulla Mpya Ward,Mandera County
vuSQ9fTFw30,Dandu Ward,Mandera County
C72ryGO9u3f,Derkhale Ward,Mandera County
cYtoTH4TJYL,El-Ram Dispensary,Mandera County
h0htcHoe6tJ,Elwak North Ward,Mandera County
AEMY7F8XyZT,Elwak South Ward,Mandera County
vHnuydSpeC8,Falama Dispensary,Mandera County
BRWO7tcujQF,Fino Ward,Mandera County
tNpT77xOcjl,Garsesala Dispensary,Mandera County
eaH1r5sQTr0,Gither Ward,Mandera County
lZqCQuWJGTO,Guba Ward,Mandera County
A4Ko5vFs83F,Guticha Ward,Mandera County
gVbkohpiw1f,Khalalio Ward,Mandera County
ZEJu2asfUfk,Kilwehiri Ward,Mandera County
PcqBHxKIN7h,Kotulo Health Centre,Mandera County
G2ewkVTR9Z0,Kutayu Dispensary,Mandera County
VAwO80y3OVx,Kutulo Community Unit,Mandera County
J9PHxsmBzgD,Kutulo Ward,Mandera County
LtPutnKuKqO,Lafey Ward,Mandera County
rBlQZ6By4ru,Lagsure Ward,Mandera County
r9itCpitueT,Libehia Ward,Mandera County
eLXthnYAfFd,Malkamari Ward,Mandera County
h29eV4JwFGH,Marothile Ward,Mandera County
UU5663WBF7t,Neboi Ward,Mandera County
INTmsUajazA,OUTREACHES,Mandera County
GpykXhXcYCT,Rhamu Dimtu Ward,Mandera County
d7Se8cdZnHg,Rhamu Ward,Mandera County
Z9zNkBFLY9r,Shimbir Fatuma Ward,Mandera County
QPvTzWqCuvE,Takaba South Ward,Mandera County
cnOOaygI2G3,Takaba Ward,Mandera County
dYhEFLJSRYl,Township Ward,Mandera County
k3FtDRPwlPG,Waranqara Ward,Mandera County
Pp4y0VFaeLg,Wargudud Ward,Mandera County
g3PamYQCz5A,Butiye Ward,Marsabit County
kSbjSiQEQ91,Dukana Ward,Marsabit County
jltiitEPkip,Golbo Ward,Marsabit County
RYHYagSQfDF,Heillu/Manyatta Ward,Marsabit County
nhKIZhNozIv,Illeret Ward,Marsabit County
MhwOKHDNTsU,Karare Ward,Marsabit County
RaSqiM3lgfo,Kargi/South Horr Ward,Marsabit County
si4GkeAGSXo,Korr/Ngurunit Ward,Marsabit County
WWr7jojWGHJ,Laisamis Ward,Marsabit County
ooyM9K6FAXE,Loglogo Ward,Marsabit County
xjbfzSmFPMk,Loiyangalani Ward,Marsabit County
hratVLq4Zft,Maikona Ward,Marsabit County
PVB8iZMsHnd,Marsabit Central Ward,Marsabit County
kHOR6vEvDdY,Moyale Township Ward,Marsabit County
J7hloFhkWdU,North Horr Ward,Marsabit County
fBMKIsnV2ZV,Obbu Ward,Marsabit County
G2LQpPk5BXU,Sagante/Jaldesa Ward,Marsabit County
IdYKTiaR0Cy,Sololo Ward,Marsabit County
WJ7jJ5A1MjS,Turbi Ward,Marsabit County
KKOlWI3X5nP,Uran Ward,Marsabit County
T3aRknogzOr,xxxxxx,Marsabit County
nDZvyhVwri1,Abogeta East Ward,Meru County
auJK9sKTX9b,Abogeta West Ward,Meru County
Ay0bToL5BTE,Abothuguchi Central Ward,Meru County
ZVoIw8oAOWZ,Abothuguchi West Ward,Meru County
mSPC54QXXiP,Akachiu Ward,Meru County
CsVYL5oWdjy,Akirang'ondu Ward,Meru County
bYsajNCrCgY,Akithii Ward,Meru County
y1x13IydCG7,Amwathi Ward,Meru County
q5aojmYq2C4,Antuambui Ward,Meru County
iNmCeQG70K0,Antubetwe Kiongo Ward,Meru County
pK3bnoP5kpo,Athiru Gaiti Ward,Meru County
mOMLW8dXVuR,Athiru Ruujine Ward,Meru County
UE0iLMx0uAU,Athwana Ward,Meru County
QRgp6qqEmVn,Igembe East Ward,Meru County
yurEIztT4BO,Igembe East Ward,Meru County
AzpgHxbLVoh,Igoji East Ward,Meru County
ST78NM0nd2J,Igoji West Ward,Meru County
L67XvZIQiVD,Kachiuru Dispensary,Meru County
cN3gQ1BXbVr,Kangeta Ward,Meru County
A7U8KMUSpj1,Kanuni Ward,Meru County
HuKVPCdKkZ0,Karama Ward,Meru County
zP5ACOAN4ty,Kiagu Ward,Meru County
rjPvpKtHTus,Kianjai Ward,Meru County
IuCkCzLOGau,Kibirichia Ward,Meru County
ozZP0r92ysp,Kiegoi/Antubochiu Ward,Meru County
SKXh3KXdbVU,Kiirua/Naari Ward,Meru County
EzxiXXOQex6,Kinguchwa Ward,Meru County
jhoqnpxdZY7,Kisima Ward,Meru County
cCF3yJfJOvA,Maua Ward,Meru County
diFMjWsMQda,Mbeu Ward,Meru County
c0I654P6EkR,Mikinduri Ward,Meru County
tIVOumb0Lh1,Mitunguu Ward,Meru County
EossaGDQulP,Municipality Ward,Meru County
Zxy2exUTX7R,Muthara Ward,Meru County
FJJRq7O0QcB,Mwangathia Ward,Meru County
cx0hlaXnRSX,Mwema Clinic,Meru County
NDRZbel9Pr4,Naathu Ward,Meru County
k0edp6ATpN0,Njia Ward,Meru County
TEMzqnMqi9A,Nkomo Ward,Meru County
SQ70Q8iG3l0,Nkuene Ward,Meru County
Ryj106sjw37,Ntima East Ward,Meru County
Q1YmD34Z3It,Ntima West Ward,Meru County
b7S83B5sQai,Ntunene Ward,Meru County
hceoyGXIXhD,Nyaki East Ward,Meru County
danQPcsYu5G,Nyaki West Ward,Meru County
LXCb2xO5iF7,Ruiru/Rwawera Ward,Meru County
ELYCgxhiudW,Thangatha Ward,Meru County
Uryh5DhdLam,Tigania West Ward,Meru County
WnXi46WSP7B,Timau Ward,Meru County
mLrXAhflEvn,Bukira Central/Ikerege Ward,Migori County
lOqK0cwQKaH,Bukira East Ward,Migori County
M8rGveWTIMm,Central Kamagambo Ward,Migori County
P9SReXKzjbO,Central Kanyamkago Ward,Migori County
jmeydKjWYw7,Central Sakwa Ward,Migori County
l8btuTBphnw,East Kamagambo Ward,Migori County
IgyJtGgB69M,East Kanyamkago Ward,Migori County
Fp2Wuqu3GAI,God Jope Ward,Migori County
Y9n3cjtnU4R,Gokeharaka/Getambwega Ward,Migori County
wQeQqCSAjRy,Got Kachola Ward,Migori County
ItjmRWn5IsE,Isibania Ward,Migori County
yowhezRzMGg,Kachien'g Ward,Migori County
SUvzbKCIzyN,Kakrao Ward,Migori County
edSLoK3sx6W,Kaler Ward,Migori County
ONNWmIVc48N,Kanyasa Ward,Migori County
YKABD0bh2a7,Kwa Ward,Migori County
NGRN2o3qN2r,Macalder/Kanyarwanda Ward,Migori County
zTD1Z6ldaEx,Masaba Ward,Migori County
CpQX2anrUJk,Mokerero Ward,Migori County
nQxxjPy6J5A,Muhuru Ward,Migori County
ry7pGVSoLwL,North Kadem Ward,Migori County
QC41mItjIzF,North Kamagambo Ward,Migori County
LXYI6dwqHoR,North Kanyamkago Ward,Migori County
EmSsP2C6A3h,North Sakwa Ward,Migori County
C6U23QgqMCn,Ntimaru East Ward,Migori County
dkHXkFhXXxJ,Ntimaru West Ward,Migori County
xUtluqIJmBZ,Nyabasi East Ward,Migori County
k00olmG2C2e,Nyabasi West Ward,Migori County
DfL4XXliaq1,Nyanmosense/Komosoko Ward,Migori County
fvjC0YNoiP4,Ragana-oruba Ward,Migori County
PPEvdyHP6uZ,Ragana-oruba Wardssss,Migori County
DABObbHgPMX,South Kamagambo Ward,Migori County
FdBel1HNlGu,South Kanyamkago Ward,Migori County
OpbsijPbYuv,South Sakwa Ward,Migori County
QAxizS8H0d7,Suna Central Ward,Migori County
EFFhTqzNEYT,Tagare Ward,Migori County
KwrilS23iAS,Waseweta II Ward,Migori County
c2OOtR8JNjy,Wasimbete Ward,Migori County
ziaLqezx6rb,West Kanyamkago Ward,Migori County
nLwQA56EFmD,West Sakwa Ward,Migori County
kxIw7ZzqXPq,Wiga Ward,Migori County
bmyrNLOPAAW,Airport Ward,Mombasa County
J9QXQIm43fW,Bamburi Ward,Mombasa County
dHlamDlw0NG,Bofu Ward,Mombasa County
PeLH4hGTO17,Chaani Ward,Mombasa County
qyQg0b3mxEL,Changamwe Ward,Mombasa County
EDosdjVkXb6,Frere Town Ward,Mombasa County
T0eflkFOYOF,Jomvu Kuu Ward,Mombasa County
sHr1V63b6gP,Junda Ward,Mombasa County
FydnlJp81aR,Kadzandani Ward,Mombasa County
Eswb97MIEP8,Kipevu Ward,Mombasa County
LMCJ2zXfHyL,Kongowea Ward,Mombasa County
y9LgUAIGBj7,Likoni Ward,Mombasa County
dUh1anGaJK6,Magogoni Ward,Mombasa County
i1bANekmIzQ,Majengo Ward,Mombasa County
AtSX1b8b5wZ,Mikindani Ward,Mombasa County
KgGyWS1YxMx,Miritini Ward,Mombasa County
YCeebXtrvTd,Mjambere Ward,Mombasa County
lZiLgEqsjq5,Mji Wa Kale/Makadara Ward,Mombasa County
FXRGaOT9JD8,Mkomani Ward,Mombasa County
SwcDu8wwQiR,Mtongwe Ward,Mombasa County
hi7bKqPsdhE,Mtopanga Ward,Mombasa County
avfRmE6Kc35,Mwakirunge Ward,Mombasa County
zkZxEdH45U1,Mwakirunge Ward,Mombasa County
oflRkUjvrdd,Port Reitz Ward,Mombasa County
ZvkGsTVOoog,Shanzu Ward,Mombasa County
cFjb7QOxAMu,Shika Adabu Ward,Mombasa County
I1ioJIBPdpG,Shimanzi/Ganjoni Ward,Mombasa County
bZcRxqnzRy0,Timbwani Ward,Mombasa County
Dvo3BcpbGkD,Tononoka Ward,Mombasa County
oLZDP6nDlYc,Tudor Ward,Mombasa County
XhBDUNeFqF6,Ziwa La Ng'ombe Ward,Mombasa County
H3V7py1sKHI,Gaichanjiru Ward,Muranga County
yg2YesgFsrG,Gatanga Ward,Muranga County
K8rhUYNmJhw,Gaturi Ward,Muranga County
UgrVrVp78rA,Gitugi Ward,Muranga County
pjBltTaHYUz,Ichagaki Ward,Muranga County
uGm89kXHp7d,Ichagaki Ward,Muranga County
qduwDtFCdfH,Ithanga Ward,Muranga County
Wdh5QDM2Ov1,Ithiru Ward,Muranga County
qNMJbWjRI45,Kagundu-ini Ward,Muranga County
X7arkK99dq7,Kahumbu Ward,Muranga County
v5Uz1hZEGu3,Kakuzi/Mitubiri Ward,Muranga County
NJeG4zy8zci,Kamacharia Ward,Muranga County
H7KVdIvj4Sp,Kamahuha Ward,Muranga County
ul9ur7nq171,Kambiti Ward,Muranga County
PyVnQFcBqOT,Kangari Ward,Muranga County
lJIdDl7HaCT,Kanyenya-ini Ward,Muranga County
F0uYRw2XYg5,Kariara Ward,Muranga County
H8uphttPusS,Kigumo Ward,Muranga County
xaHRe14dY0G,Kihumbu-ini Ward,Muranga County
D8f8vrysA4J,Kimorori/Wempa Ward,Muranga County
bpbzvOdMDqN,Kinyona Ward,Muranga County
g28fToPCZhp,Kiru Ward,Muranga County
U3N4bJZ2BL0,Makuyu Ward,Muranga County
sG1YvrNWJTV,Mbiri Ward,Muranga County
EVc3FnW4kcm,Mugoiri Ward,Muranga County
WnEb4RUZg21,Mugumo-ini Ward,Muranga County
Mdn0FWVc1MX,Muguru Ward,Muranga County
d0uIgkgHOaB,Murarandia Ward,Muranga County
X7rwLIDSf7d,Muruka Ward,Muranga County
qe32Mlgh56x,Muthithi Ward,Muranga County
GqsqQj9CDst,Ng'araria Ward,Muranga County
JqeBiHQ9lNI,Nginda Ward,Muranga County
WE5SA6SLnRY,Ruchu Ward,Muranga County
UYC51WCz1R2,Rwathia Ward,Muranga County
WNkPZzl7oaf,St Anne Medical Clinic (Kamukabi),Muranga County
ELXBhFCPcHC,Township Ward,Muranga County
zjVTfkcrCb6,Wangu Ward,Muranga County
t4Suo8Enc7T,Airbase Ward,Nairobi County
OObzseEJrMs,Babandogo Ward,Nairobi County
LR8RoEpERGM,California Ward,Nairobi County
bF28Xs26tXA,Clay City Ward,Nairobi County
Qusks6YHAmd,Dandora Area I Ward,Nairobi County
KhxCmDKgYMT,Dandora Area II Ward,Nairobi County
UrLRfZeC3Oq,Dandora Area III Ward,Nairobi County
rj9COmxBpVr,Dandora Area Iv Ward,Nairobi County
i1zR9ESXM9L,Eastleigh North Ward,Nairobi County
zP3xgQdPmJX,Eastleigh South Ward,Nairobi County
raV5YKTRCG2,Embakasi Ward,Nairobi County
ufzdiFbvPYg,Gatina Ward,Nairobi County
FNDsOKdbWTO,Githurai Ward,Nairobi County
T7AinNTWtXe,Harambee Ward,Nairobi County
QzN4B49WE91,Hospital Ward,Nairobi County
LlDgh96665K,Huruma Ward,Nairobi County
Nt7PPe0Vdou,Imara Daima Ward,Nairobi County
Kzpb8gvmSkz,Kabiro Ward,Nairobi County
ihmR2IRWnpi,Kahawa Ward,Nairobi County
gJel307q0y1,Kahawa West Ward,Nairobi County
HWHpeXSxVCb,Kangemi Ward,Nairobi County
clyAqa9XVNp,Karen Ward,Nairobi County
YMBLUc2euxC,Kariobangi North Ward,Nairobi County
WJ020FJI9yB,Kariobangi South Ward,Nairobi County
CNKaaMOOKGn,Karura Ward,Nairobi County
eVnnqyuwBfa,Kasarani Ward,Nairobi County
arZgeTW65s5,Kawangware Ward,Nairobi County
BMzkWPbVOCH,Kayole Central Ward,Nairobi County
ETN4UDiD5y5,Kayole North Ward,Nairobi County
UJlaR99kRxm,Kayole South Ward,Nairobi County
tgAB60BL0u9,Kiamaiko Ward,Nairobi County
DnVTXbCnup5,Kileleshwa Ward,Nairobi County
yXbOIljEz90,Kilimani Ward,Nairobi County
TpTOC5VcUGe,Kitisuru Ward,Nairobi County
I6S3XcUsF34,Komarock Ward,Nairobi County
TqSqq39Jbcz,Korogocho Ward,Nairobi County
XnWPNKPDxxo,Kwa Njenga Ward,Nairobi County
HvcGWkiIxjp,Kwa Reuben Ward,Nairobi County
A1sIHVzJM77,Kware Ward,Nairobi County
sFC62axqvzl,Laini Saba Ward,Nairobi County
oYFOeehTMK2,Landimawe Ward,Nairobi County
taVVtCXxo50,Lindi Ward,Nairobi County
Qjd5eRv25sb,Lower Savannah Ward,Nairobi County
cUX8GhsuLPn,Lucky Summer Ward,Nairobi County
rD8Z7AgYLaS,Mabatini Ward,Nairobi County
tZfKaFDQcdW,Makina Ward,Nairobi County
ov2muONmDh8,Makongeni Ward,Nairobi County
Ao5e4mVaq7w,Maringo/Hamza Ward,Nairobi County
dOQTHZsuaIb,Mathare North Ward,Nairobi County
xhXsdnqx3eX,Matopeni/Spring Valley Ward,Nairobi County
GwVllI2Zdfe,Mihango Ward,Nairobi County
lvETWuhiIMi,Mlango Kubwa Ward,Nairobi County
Wrx3LFjULLl,Mountain View Ward,Nairobi County
ujYuDykrrXi,Mowlem Ward,Nairobi County
oFPmL4TCoWb,Mugumo-ini Ward,Nairobi County
HuBMlfYHHEy,Mutu-ini Ward,Nairobi County
LWZoX1NZFa1,Mwiki Ward,Nairobi County
KJHG9zDp2UR,Nairobi Central Ward,Nairobi County
LYgnp1wcewP,Nairobi South Ward,Nairobi County
uPv6CYD6np2,Nairobi West Ward,Nairobi County
bK37v9AMeU3,Ngando Ward,Nairobi County
QKZyfxaG8EJ,Ngara Ward,Nairobi County
tsmsPb6qMFa,Ngei Ward,Nairobi County
aZGmpSZ2M0H,Njiru Ward,Nairobi County
IDtR0R9o2Q4,Nyayo Highrise Ward,Nairobi County
DR0BSs3eYeC,Pangani Ward,Nairobi County
QhDd2LAuXAF,Parklands/Highridge Ward,Nairobi County
vjOR4Xpi2TY,Pipeline Ward,Nairobi County
x6E428s1HPf,Pumwani Ward,Nairobi County
PTKcICD0k31,Riruta Ward,Nairobi County
RRAEO9Ltfec,Roysambu Ward,Nairobi County
wskDg8KQ0v3,Ruai Ward,Nairobi County
dYniZG1Q7Tk,Sarang'ombe Ward,Nairobi County
ZWRytukDvQ7,South C Ward,Nairobi County
Zmv9YmuisYs,Umoja I Ward,Nairobi County
ivNrlSMRNra,Umoja II Ward,Nairobi County
OaqOHmb6jNs,Upper Savannah Ward,Nairobi County
r1YlC9GTC4S,Utalii Ward,Nairobi County
rEwQxmUPoZE,Utawala Ward,Nairobi County
E1aZozuTyJx,Uthiru Ward,Nairobi County
jaQjWqSJPAd,Uthiru/Ruthimitu Ward,Nairobi County
rSGZNHDJ4jJ,Viwandani Ward,Nairobi County
pUKcRGZTyGW,Waithaka Ward,Nairobi County
Smgomyf1mXV,Woodley/Kenyatta Golf Course Ward,Nairobi County
m3CPhYAMMRN,Zimmerman Ward,Nairobi County
nRw6kIlJ23L,Ziwani/Kariokor Ward,Nairobi County
okaRgHkp8W5,Amalo Ward,Nakuru County
oK2KwbL5Dzx,Bahati Ward,Nakuru County
pfFWXloU0jC,Barut Ward,Nakuru County
BA2zKL0pmeI,Biashara Ward,Nakuru County
lW5g42Bv4Rk,Biashara Ward,Nakuru County
Ff1CJ0oXLRy,Dundori Ward,Nakuru County
X5bxxQN8nP5,Elburgon Ward,Nakuru County
RSps1nz09HH,Elementaita Ward,Nakuru County
QIMIjxzpGyb,Flamingo Ward,Nakuru County
Nr1tuXJtnKx,Gerol,Nakuru County
xK7G5Lg2CEW,Gilgil Ward,Nakuru County
ZphUbBMB5yv,Hellsgate Ward,Nakuru County
KYyRxF09EOm,Kabatini Ward,Nakuru County
JwFjLbUSxbO,Kabazi Ward,Nakuru County
lkMaj1oAFk0,Kamara Ward,Nakuru County
pZuA4cJd4bl,Kapkures Ward,Nakuru County
q6DoWWo1dCR,Kaptembwo Ward,Nakuru County
ZSBD8btR2UC,Keringet Ward,Nakuru County
wgKfulEq1ZH,Kiamaina Ward,Nakuru County
rb2nGblpg8l,Kihingo Ward,Nakuru County
wKz9Uw8QczF,Kiptagich Ward,Nakuru County
ZHKOkipqYxf,Kiptororo Ward,Nakuru County
OFGHDVtVGOl,Kivumbuni Ward,Nakuru County
xbHueeSJ4j8,Lake View Ward,Nakuru County
uojD9lkbubw,Lanet/Umoja Ward,Nakuru County
BB9s4d9DV70,Lare Ward,Nakuru County
LdShr7Egg6N,London Ward,Nakuru County
fRDUt04TIg5,Maeilla Ward,Nakuru County
l7oNy9qaqWe,Mai Mahiu Ward,Nakuru County
xCH1F3gEsNr,Malewa West Ward,Nakuru County
BbJmtHW0518,Mariashoni Ward,Nakuru County
DSk12NKnyRR,Mau Narok Ward,Nakuru County
KHWDXyBa4i6,Mauche Ward,Nakuru County
iIdFbrVody5,Mbaruk/Eburu Ward,Nakuru County
sJ50zpy9iBV,Menengai Ward,Nakuru County
PL9Y6PrB2oV,Menengai West Ward,Nakuru County
STQIvkltmOp,Molo Ward,Nakuru County
PUv9Q5hrTYP,Mosop Ward,Nakuru County
mxshI67tMFJ,Murindati Ward,Nakuru County
A20qmlqFi5D,Naivasha East Ward,Nakuru County
W1Kv7kfFzub,Nakuru East Ward,Nakuru County
KqMw0Knznhu,Nessuit Ward,Nakuru County
TaCopZQ4jLn,Njoro Ward,Nakuru County
jWX4knhb96j,Nyota Ward,Nakuru County
CTX9LIAvrFK,Olkaria Ward,Nakuru County
eQNgjFoG2ct,Rhoda Ward,Nakuru County
lTh2MSvx02l,Shaabab Ward,Nakuru County
aGRpaeG5ziX,Sirikwa Ward,Nakuru County
RLv6Wg2Eo8m,Soin Ward,Nakuru County
qjDeBQFEB19,Solai Ward,Nakuru County
obOP2eWg8EX,Subukia Ward,Nakuru County
fi569D0zk8J,Tinet Ward,Nakuru County
PBAbBC0gDLA,Turi Ward,Nakuru County
bKCcKfnNznJ,Visoi Ward,Nakuru County
quIiSx3L8OJ,Viwandani Ward,Nakuru County
DCV7v4zjEnm,Waseges Ward,Nakuru County
XEhuCXgy8GX,Chelambut Dispensary,Nandi County
EHPasx2Mt1b,Chemelil/Chemase Ward,Nandi County
G1AXnlrNy7a,Chemundu/Kapng'etunyi Ward,Nandi County
J5JM3Ud8ASG,Chepkumia Ward,Nandi County
O4tmt5AWnNr,Chepkunyuk Ward,Nandi County
eB5qRSOhocc,Chepterwai Ward,Nandi County
upEtsdaf6Ri,Kabisaga Ward,Nandi County
Qno2Rye1no5,Kabiyet Ward,Nandi County
Wh8ROphCMld,Kabwareng Ward,Nandi County
kVHX5gVg5MQ,Kapchorua Ward,Nandi County
deAxq0HNUFb,Kapkangani Ward,Nandi County
VjsUVNylWoY,Kapsabet Ward,Nandi County
lTqRLp5FwoY,Kapsimotwo Ward,Nandi County
omJY4Wxjhwr,Kapsimwotwo Ward,Nandi County
i590M8uyKeM,Kaptel/Kamoiywo Ward,Nandi County
qj48MUGxhs9,Kaptumo/Kaboi Ward,Nandi County
H2b8KHTcJqM,Kemeloi-maraba Ward,Nandi County
kHfVrUAnNlI,Kilibwoni Ward,Nandi County
Dfh61wYrllH,Kipkaren Ward,Nandi County
KfApxlzUoLn,Kiptuiya Ward,Nandi County
YxP90gGjD63,Kobujoi Ward,Nandi County
k9ff5zzhfkX,Kosirai Ward,Nandi County
UBMIBBujflT,Koyo/Ndurio Ward,Nandi County
UDgBjC3Y1eU,Kurgung/Surungai Ward,Nandi County
iZNVvlnVxm6,Lelmoko/Ngechek Ward,Nandi County
iWDqdgd87nd,Nandi Hills Ward,Nandi County
JsaOcykkym2,Ndalat Ward,Nandi County
w0ljXC7o4Rd,Ol'lessos Ward,Nandi County
ROIhxQyzYDQ,POTO-POTO Dispensary,Nandi County
Vh31LHi1RC8,Sangalo/Kebulonik Ward,Nandi County
MWpytk1a5rh,Songhor/Soba Ward,Nandi County
ojy9ffncq0R,Terik Ward,Nandi County
DIPyppOzj07,The Hanna Medicare Centre,Nandi County
f2OJrvgkEuq,Tinderet Ward,Nandi County
QYQsVGsbKWg,Angata Barikoi Ward,Narok County
N27Hb5r1QR5,Ildamat Ward,Narok County
lQwlJ2oi5zA,Ilkerin Ward,Narok County
ckpYcQagZdJ,Ilmotiook Ward,Narok County
D9H082cdWsj,Kapsasian Ward,Narok County
YpEIAl1lcFe,Keekonyokie Ward,Narok County
mq1FEx5vQZ4,Keyian Ward,Narok County
bFIJdjEp5Kl,Kilgoris Central Ward,Narok County
BCIB2lbwUN4,Kimintet Ward,Narok County
Xo0N7hDyvPP,Loita Ward,Narok County
jhNc8UIGW4Y,Lolgorian Ward,Narok County
u5iwkT3DDNJ,Maji Moto/Naroosura Ward,Narok County
mX734z5OjqI,Mara Ward,Narok County
kBWwkKdW9Rh,Melelo Ward,Narok County
hfUlTD9PANt,Melili Ward,Narok County
VcvJbIcShgA,Mogondo Ward,Narok County
fF2CijNSPDI,Mosiro Ward,Narok County
Ay904HxgFbw,Naikarra Ward,Narok County
MAdyJPs0RUr,Narok Town Ward,Narok County
zoVBqNpy6Sw,Nkareta Ward,Narok County
pTkgy00IQrp,Olokurto Ward,Narok County
tVa5R01HhNz,Ololmasani Ward,Narok County
aoZxerJJSBz,Ololulung'a Ward,Narok County
pN8AuYvqE0e,Olorropil Ward,Narok County
gzHtPrtr6nU,Olposimoru Ward,Narok County
Tn1grqaqx7v,Sagamian Ward,Narok County
L1Lr24F5gyc,Shankoe Ward,Narok County
amNn0DeeFdo,Siana Ward,Narok County
xlp4GwINQiC,Sogoo Ward,Narok County
iZN31WZZycN,Suswa Ward,Narok County
odXKgaPu8B0,Bogichora Ward,Nyamira County
nvxLbNo63Zw,Bokeira Ward,Nyamira County
Z4MKjHrF1wJ,Bomwagamo Ward,Nyamira County
d7n8GfG2cFO,Bonyamatuta Ward,Nyamira County
b3aaM8BOTDz,Bosamaro Ward,Nyamira County
QcYbNJ5Z88l,Ekerenyo Ward,Nyamira County
yCs7obwONR9,Esise Ward,Nyamira County
PLayyGokkLa,Gachuba Ward,Nyamira County
sHxQtj2KMIR,Gesima Ward,Nyamira County
ojhmHJxovB6,Itibo Ward,Nyamira County
ZJdVAPAukav,Kamera Ward,Nyamira County
ZHnLneFdqXj,Kiabonyoru Ward,Nyamira County
s7u7anGLs0p,Magombo Ward,Nyamira County
AAVwWFH70cF,Magwagwa Ward,Nyamira County
zfVQ2KNTfgY,Manga Ward,Nyamira County
UZzNEWFdz58,Mekenene Ward,Nyamira County
Av8d3lmuaua,Nyamaiya Ward,Nyamira County
pjOkCmcntm6,Nyansiongo Ward,Nyamira County
oq5P0uoHv4U,Rigoma Ward,Nyamira County
Kp1yfxsmlRl,Sere Dispensary,Nyamira County
tjmkRVSEHwx,Township Ward,Nyamira County
e0xkgk6TZEG,Central Ward,Nyandarua County
Yh0tdzyDjHY,Charagita Ward,Nyandarua County
lcpTYDEAUs9,Engineer Ward,Nyandarua County
xNnLSFClkz7,Gathanji Ward,Nyandarua County
vH5k45ZRgZG,Gathara Ward,Nyandarua County
hh7VWuhTI6A,Gatimu Ward,Nyandarua County
ExTmlWkEQL9,Geta Ward,Nyandarua County
il32x0l8U6u,Githabai Ward,Nyandarua County
xK8OudWDlHV,Githioro Ward,Nyandarua County
hYNt8KLy0zR,Kaimbaga Ward,Nyandarua County
QetTI3w7Tfe,Kanjuiri Range Ward,Nyandarua County
b7xmixlTNYm,Karau Ward,Nyandarua County
EAMXljqgEhV,Kipipiri Ward,Nyandarua County
xzY6X2bhxaT,Kiritta Ward,Nyandarua County
Nv8G0Ki2owJ,Leshau/Pondo Ward,Nyandarua County
BBQbdCSiXdl,Magumu Ward,Nyandarua County
QFG9oFhHG2F,Mirangine Ward,Nyandarua County
ZvHXuhKoAuI,Murungaru Ward,Nyandarua County
WntjnQMsI6t,Njabani/Kiburu Ward,Nyandarua County
UU5SWe7Tv1P,North Kinangop Ward,Nyandarua County
sDFNdNK4QJ8,Nyakio Ward,Nyandarua County
ltpN4qugUAb,Nyandarua South,Nyandarua County
eBk1tdli8XV,Rurii Ward,Nyandarua County
W9GVYGq6UqK,Shamata Ward,Nyandarua County
d5qc4G0CclB,Wanjohi Ward,Nyandarua County
yOvD8h5gUOb,Weru Ward,Nyandarua County
JIQYJYd5CzO,Aguthi-gaaki Ward,Nyeri County
VRz88r5Yhgo,Chania Clinic,Nyeri County
rFsKRF8TYWO,Chinga Ward,Nyeri County
LDPAHGr7qUm,Dedan Kimathi Ward,Nyeri County
IMwQNXANHpD,Dr Ajay Chyaniyara Medical Clinic,Nyeri County
ZK6iM0Mzd5P,Gachika Orthodox Medical Clinic,Nyeri County
FsRuO9llshq,Gakawa Ward,Nyeri County
cWSGKfzRIhc,Gatarakwa Ward,Nyeri County
fYc1aD2k4cK,Gatitu/Muruguru Ward,Nyeri County
ohWtG7fskG2,Gikondi Ward,Nyeri County
mKOh6Ubsn0x,Iria-ini Ward,Nyeri County
kgPF6QHfrWT,Iriaini Ward,Nyeri County
NTWFe7NRX2V,Joy Medical Services (Majengo),Nyeri County
fB16JFnw8Ex,Kabaru Ward,Nyeri County
iQw990SbVXY,Kamakwa/Mukaro Ward,Nyeri County
oCDeWaZZImt,Karatina Town Ward,Nyeri County
jrWulcAQIzP,Karima Ward,Nyeri County
Jf0JOsPw0vn,Kiganjo/Mathari Ward,Nyeri County
keejiREpfsp,Kihora Medical Clinic,Nyeri County
xPtYtS4uaVJ,Kirimukuyu Ward,Nyeri County
rGu0Fh2c3kI,Konyu Ward,Nyeri County
AZOhKeOxHR7,Magutu Ward,Nyeri County
t5i5lYBO7C5,Mahiga Ward,Nyeri County
Ls8TbRfbKBs,Mugunda Ward,Nyeri County
GAsUkSqRL2f,Mukurwe-ini Central Ward,Nyeri County
WQtfFgLYHGe,Mukurwe-ini West Ward,Nyeri County
uhmsPJrZCXF,Mweiga Ward,Nyeri County
kBloQxkcKxZ,Mwiyogo/Endarasha Ward,Nyeri County
REFeM2dROq3,Naromoru/Kiamathaga Ward,Nyeri County
EitnMJgAT0z,Rugi Ward,Nyeri County
Z2yWQMpy2Ki,Ruguru Ward,Nyeri County
jYnoSHzKjGR,Rural Personal Care Centre,Nyeri County
h8Uo12ri0RF,Ruring'u Ward,Nyeri County
At5MPktCh4M,Rware Ward,Nyeri County
lZXZ7HwrMGu,Thegu River Ward,Nyeri County
WQROpWdbMeZ,WANJITHI HEALTH COMMUNITY UNIT,Nyeri County
AO0q4JiVIMz,Wamagana Ward,Nyeri County
QDKctWqPmUV,Wega Medical Clinic,Nyeri County
O57e90leR9M,Angata Nayokie Ward,Samburu County
W4gx1OjSjzp,Baawa Ward,Samburu County
x8gYdLEuy5Y,El-barta Ward,Samburu County
PRuQd7VjO3x,Lodokejek Ward,Samburu County
cZkc98eBxNL,Loosuk Ward,Samburu County
IEBWo4HwEfq,Maralal Ward,Samburu County
hV1NZb8gSOe,Nachola Ward,Samburu County
w6u8SoSKkmn,Ndoto Ward,Samburu County
UpMVKpuABHz,Nyiro Ward,Samburu County
b4HPJJEYEsS,Porro Ward,Samburu County
i5te7PTlUjg,Suguta Marmar Ward,Samburu County
WieLheAfLdw,Wamba East Ward,Samburu County
p2OJcxIoP6e,Wamba North Ward,Samburu County
KnKoadZgQjY,Wamba West Ward,Samburu County
l2uOoW4cwIa,Waso Ward,Samburu County
fpnhZCEZEGQ,Central Alego Ward,Siaya County
LWXYw2EpuLy,Central Gem Ward,Siaya County
JVz0J1MJJ0V,Central Sakwa Ward,Siaya County
cfUqqHJA6z4,East Asembo Ward,Siaya County
XM6wZZeKqhk,East Gem Ward,Siaya County
XIgwnIXyBx0,East Ugenya Ward,Siaya County
zcpKiQgMNyb,North Alego Ward,Siaya County
KzqDLd1CVFQ,North Gem Ward,Siaya County
EmooFdjzKlm,North Sakwa Ward,Siaya County
quAHj7k172D,North Ugenya Ward,Siaya County
c8htRsEJD2W,North Uyoma Ward,Siaya County
bcaDvBIDj6b,Siaya Township Ward,Siaya County
rngZkqTBd03,Sidindi Ward,Siaya County
WrmJKkvfjDl,Sigomere Ward,Siaya County
hMo6PZnvQqb,South East Alego Ward,Siaya County
F3o4X4OBHKw,South Gem Ward,Siaya County
CRBP2g6KqWH,South Sakwa Ward,Siaya County
VlWsveTXbi3,South Uyoma Ward,Siaya County
pHKNjOmIqg4,Ugunja Ward,Siaya County
AxesNVgsvhq,Ukwala Ward,Siaya County
utYTK2xBC3k,Usonga Ward,Siaya County
zaHyyp9lXME,West Alego Ward,Siaya County
kazFsB6YZ6J,West Asembo Ward,Siaya County
mEZBjj4fLBT,West Gem Ward,Siaya County
uid3Vo2PCsW,West Sakwa Ward,Siaya County
XdZKE7HcK5B,West Ugenya Ward,Siaya County
IqPuAjRYM1t,West Uyoma Ward,Siaya County
NYqz8G2gfEC,West Yimbo Ward,Siaya County
PeEcMfBchbr,Yala Township Ward,Siaya County
bxQkw99jktF,Yimbo East Ward,Siaya County
umrac2I2Sg9,Bomani Ward,Taita Taveta County
VDvkL0vcV5e,Bura(Mwatate) Ward,Taita Taveta County
uxxdF69wmFs,Chala Ward,Taita Taveta County
NkcRjTGJbuh,Chawia Ward,Taita Taveta County
KrQMvgSyMd7,Kaloleni Ward,Taita Taveta County
kMQqsjpcUFH,Kasigau Ward,Taita Taveta County
AUs81wSmXra,Mahoo Ward,Taita Taveta County
mvDV6e04X7a,Marungu Ward,Taita Taveta County
m1IPtRRgcm9,Mata Ward,Taita Taveta County
SRbWfuqghtn,Mboghoni Ward,Taita Taveta County
arVnioHdpH6,Mbololo Ward,Taita Taveta County
RXoThrI8OjU,Mwanda/Mgange Ward,Taita Taveta County
i6WDSy6LjRp,Mwatate Ward,Taita Taveta County
XzqVKmvJA4m,Ngolia Ward,Taita Taveta County
px49ejbHkuk,Ronge Ward,Taita Taveta County
IawwjaYnKtR,Sagala Ward,Taita Taveta County
vwpMqmZzByo,Werugha Ward,Taita Taveta County
MWZrkgY93fj,Wumingu/Kishushe Ward,Taita Taveta County
mkbKajFxEDT,Wundanyi/Mbale Ward,Taita Taveta County
Xc5oMwMoQcz,Wusi/Kishamba Ward,Taita Taveta County
SCxU4funihr,Bangale Ward,Tana River County
vKo6mot8397,Bura Ward,Tana River County
Fuc7wSQ4gkN,Chewani Ward,Tana River County
SDz17fk0X0k,Chewele Ward,Tana River County
y1cIpVUXwUj,Garsen Central Ward,Tana River County
aLLewdAnspB,Garsen North Ward,Tana River County
dckG5TO7hf8,Garsen South Ward,Tana River County
urcMYGpY3xy,Garsen West Ward,Tana River County
JRAYgvhoUEp,Kinakomba Ward,Tana River County
UD0FqqyuxBJ,Kipini East Ward,Tana River County
SmP2VkWU2f9,Kipini West Ward,Tana River County
yTb02ghmk0V,Madogo Ward,Tana River County
Tj925bvDisP,Mikinduni Ward,Tana River County
tc9MpZMV6yJ,Sala Ward,Tana River County
OycKfvEFK77,Wayu Ward,Tana River County
rZ0Io1sU38M,Chiakagira Ward,Tharaka Nithi County
yQ9Js5EZ61q,Chogoria Ward,Tharaka Nithi County
AIL7D1wnOIl,Ganga Ward,Tharaka Nithi County
Z8xEFHWnQB4,Gatunga Ward,Tharaka Nithi County
SYuNHyY118o,Igambang'ombe Ward,Tharaka Nithi County
UQd8QPTpVD0,Karingani Ward,Tharaka Nithi County
vGpXQ5hFNmS,Magumoni Ward,Tharaka Nithi County
Dcu26yytcIH,Mariani Ward,Tharaka Nithi County
IcAegRcGuV6,Marimanti Ward,Tharaka Nithi County
iRQ3mxm14gi,Mitheru Ward,Tharaka Nithi County
mr7zhcDiR5h,Mugwe Ward,Tharaka Nithi County
yz5WUQEInjK,Mugwee Clinic,Tharaka Nithi County
l4FVdIFWQov,Mukothima Ward,Tharaka Nithi County
BkpZUfBGM9x,Muthambi Ward,Tharaka Nithi County
VOpqnQgC8om,Mwimbi Ward,Tharaka Nithi County
Om9OC4PNQJo,Nkondi Ward,Tharaka Nithi County
NAWbghvoSOZ,Bidii Ward,Trans Nzoia County
IAEQih35LOS,Chepchoina Ward,Trans Nzoia County
wC4nO2SVsQH,Chepsiro/Kiptoror Ward,Trans Nzoia County
OrWMyDLtm7r,Cherangany/Suwerwa Ward,Trans Nzoia County
t4cjnduc4dV,Endebess Ward,Trans Nzoia County
O6JUPINK7vr,Hospital Ward,Trans Nzoia County
wCRljUGZJCA,Kaplamai Ward,Trans Nzoia County
zkVfk8cWPc2,Kapomboi Ward,Trans Nzoia County
HSm3Cq7ZrWd,Keiyo Ward,Trans Nzoia County
pco0T7Zsd6V,Kiminini Ward,Trans Nzoia County
Qc2e6oVTp0G,Kinyoro Ward,Trans Nzoia County
PXmcdkpTB68,Kwanza Ward,Trans Nzoia County
GQFH01xLj74,Machewa Ward,Trans Nzoia County
s38X4K1qhST,Makutano Ward,Trans Nzoia County
kBH2TFh9qab,Matisi Ward,Trans Nzoia County
ds38yFIWSBY,Matumbei Ward,Trans Nzoia County
XXbVgPo8AY8,Motosiet Ward,Trans Nzoia County
X1eiwwCQwbI,Nabiswa Ward,Trans Nzoia County
OBSb0eIl4tb,Saboti Ward,Trans Nzoia County
SvN2Xzl3FK7,Sikhendu Ward,Trans Nzoia County
hHfS8R69bEH,Sinyerere Ward,Trans Nzoia County
FXjBryC2ysZ,Sirende Ward,Trans Nzoia County
jUfXO40BeXD,Sitatunga Ward,Trans Nzoia County
xpKH3jY02I5,Tuwani Ward,Trans Nzoia County
rPVkyP8OlZW,Waitaluk Ward,Trans Nzoia County
samkZKoOfyP,Kaaleng/Kaikor Ward,Turkana County
nVDsZkKZSil,Kaaleng/kaikor Ward,Turkana County
PfM59R0hE2L,Kaeris Ward,Turkana County
bg4tS3m8rZA,Kakuma Ward,Turkana County
H6EZtZr2dWo,Kalapata Ward,Turkana County
WwMThzLSS3I,Kalobeyei Ward,Turkana County
DaWvBbVWP0W,Kalokol Ward,Turkana County
U0eLQb7xmyu,Kanamkemer Ward,Turkana County
qQtpJ2wdCay,Kang'atotha Ward,Turkana County
prqcH9XZcQe,Kapedo/Napeitom Ward,Turkana County
AR58QjsFekn,Kaputir Ward,Turkana County
NhFq5rXnO3r,Katilia Ward,Turkana County
XtEn1yMSsKf,Katilu Ward,Turkana County
zwhTzysKfKc,Kerio Delta Ward,Turkana County
dRuMh3lozxY,Kibish Ward,Turkana County
z3pqrBr5TyV,Kotaruk/Lobei Ward,Turkana County
yVMtm0p4OeM,Lakezone Ward,Turkana County
QjWtKzFWv6w,Lapur Ward,Turkana County
sKV3BVTK2cJ,Lapur Ward,Turkana County
be0Y1B0phrY,Letea Ward,Turkana County
p8Vk2rQT2gg,Lobokat Ward,Turkana County
v27o9CuZh11,Lodwar Township Ward,Turkana County
jRyJjLWoDig,Loima Ward,Turkana County
Dg2JnSl7lk7,Lokichar Ward,Turkana County
U3CWX2tDcnG,Lokichoggio Ward,Turkana County
eQng6vyva8H,Lokiriama/Lorengippi Ward,Turkana County
AY46zJ3BT9H,Lokori/Kochodin Ward,Turkana County
Mdegig3qDW9,Lopur Ward,Turkana County
qTEN4LVoVVL,Nakalale Ward,Turkana County
C93goWh2C1d,Nanaam Ward,Turkana County
wMAoxOk8ORf,Songot Ward,Turkana County
vpERRHtFCWg,Turkwel Ward,Turkana County
keTxMrb6Oag,Ainabkoi/Olare Ward,Uasin Gishu County
ydWuSvAtVs1,Cheptiret/Kipchamo Ward,Uasin Gishu County
GCgCUcOL0Mz,Huruma Ward,Uasin Gishu County
P1RSkho9WMu,Kamagut Ward,Uasin Gishu County
cSNEKHwtiWH,Kapkures Ward,Uasin Gishu County
ptdqXNrZeJi,Kapkures Ward,Uasin Gishu County
Itj44Rse7au,Kapsaos Ward,Uasin Gishu County
H9e1tEercdW,Kapsoya Ward,Uasin Gishu County
cYwuj1W0Wux,Kaptagat Ward,Uasin Gishu County
AwwBKeGhmam,Karuna/Meibeki Ward,Uasin Gishu County
VUb1Te4ZsaL,Kimumu Ward,Uasin Gishu County
JZrMfy0ZEjq,Kipkenyo Ward,Uasin Gishu County
U9vp5b6AuGm,Kiplombe Ward,Uasin Gishu County
tSBIbHLo6tl,Kipsomba Ward,Uasin Gishu County
HglOFYGPmKB,Kuinet/Kapsuswa Ward,Uasin Gishu County
ZBnsczLPwr2,Langas Ward,Uasin Gishu County
gQ7WBbu9IbN,Megun Ward,Uasin Gishu County
wyQ3FlLalVy,Moi's Bridge Ward,Uasin Gishu County
mKtIgRuq39B,Moiben Ward,Uasin Gishu County
NXNdgSCo71E,Ngenyilel Ward,Uasin Gishu County
ymhb4pW8ryv,Ngeria Ward,Uasin Gishu County
ydfRAgF1oDr,Racecourse Ward,Uasin Gishu County
LXgF3A1KBLn,Segeroi/Barsombe Ward,Uasin Gishu County
TCTO059sj6I,Sergoit Ward,Uasin Gishu County
G30113eUpwM,Simat/Kapseret Ward,Uasin Gishu County
m7g3tve46XL,Soy Ward,Uasin Gishu County
w6dTkyKAgzB,Tapsagoi Ward,Uasin Gishu County
HrhIAUzgxqq,Tarakwa Ward,Uasin Gishu County
ijUQilGRVJi,Tembelio Ward,Uasin Gishu County
ZDarbsCJmOy,Tembelio Ward,Uasin Gishu County
M2Y9JtFNd0u,Tulwet/Chuiyat Ward,Uasin Gishu County
DUsGbpnzvet,Ziwa Ward,Uasin Gishu County
DK45qMSnXOK,Banja Ward,Vihiga County
r6KB3hMzaXh,Banja Ward,Vihiga County
cUBWuuQYISs,Busali Ward,Vihiga County
rF4SKTlT0XH,Central Bunyore Ward,Vihiga County
W1gE3uts9Qh,Central Maragoli Ward,Vihiga County
NHcPsj2IMSr,Chavakali Ward,Vihiga County
rVwUPDEkBSy,Emabungo Ward,Vihiga County
d7jBlFuDPt7,Gisambai Ward,Vihiga County
USg05TR1JwK,Jepkoyai Ward,Vihiga County
P35Hsu3jEza,Luanda South Ward,Vihiga County
ZD3ThdrdoTN,Luanda Township Ward,Vihiga County
af8ohZ5YbyQ,Lugaga-wamuluma Ward,Vihiga County
QbCSvi9H3CN,Lyaduywa/Izava Ward,Vihiga County
tDKdg7EyyCj,Muhudu Ward,Vihiga County
VmCvwovgPi4,Mungoma Ward,Vihiga County
gvz1kfj99I3,Mwibona Ward,Vihiga County
AgnY1dRfILu,North East Bunyore Ward,Vihiga County
m9cV82YWKBf,North Maragoli Ward,Vihiga County
hXKwpKcEej9,Shamakhokho Ward,Vihiga County
iphxMgFUJmE,Shiru Ward,Vihiga County
hTylTMl1aid,South Maragoli Ward,Vihiga County
pyG6e1Uq18m,Tambua Ward,Vihiga County
VY0CncsctUg,Wemilabi Ward,Vihiga County
HxODkmO42Nw,West Bunyore Ward,Vihiga County
J5T5BAIIILr,West Sabatia Ward,Vihiga County
RaGcUBct8yg,Wodanga Ward,Vihiga County
BMKDCdHbiHL,Ademasajide Ward,Wajir County
xvlSuZsdYVY,Arbajahan Ward,Wajir County
x1BOzSCIanu,Barwago Ward,Wajir County
eQSeYqhadbw,Batalu Ward,Wajir County
TRdcXjEmmMS,Benane Ward,Wajir County
dFbf5rdQdI9,Burder Ward,Wajir County
hp28cyo1lbf,Bute Ward,Wajir County
qLYEefMIqQ0,Dadaja Bulla Ward,Wajir County
b1Z4WVS2owC,Danaba Ward,Wajir County
FpUMvmJqkG2,Della Ward,Wajir County
jXyH8e9KzGe,Diif Ward,Wajir County
dAuiI1KjvPd,Elben Ward,Wajir County
jJEKwJhftfv,Eldas Ward,Wajir County
CisxX3iXbp9,Elnur/Tula Tula Ward,Wajir County
Y6KykEFTGUj,Ganyure/Wagalla Ward,Wajir County
cGxvLpMCjj9,Godoma Ward,Wajir County
w7fqbD2ws7l,Gurar Ward,Wajir County
HO38wbafDJg,Habasswein Ward,Wajir County
avaUAA1j5ie,Hadado/Athibohol Ward,Wajir County
bhhINffrIu8,Ibrahim Ure Ward,Wajir County
PdtTwk95oki,Khorof/Harar Ward,Wajir County
nbDWw7ouQOZ,Korondile Ward,Wajir County
feWwmqlVMEq,Lagboghoi South Ward,Wajir County
xgSKqiZof82,Lakoley South/Basir Ward,Wajir County
pRYo5vME6Ca,Malkagufu Ward,Wajir County
BtTdA2pR73q,Sarman Ward,Wajir County
ua8MQfTav4q,Tarbaj Ward,Wajir County
SjGfdtwQbHd,Township Ward,Wajir County
bvqz4r93cJm,Wagberi Ward,Wajir County
mi3OaBYLsUz,Wargadud Ward,Wajir County
Oe8JEzBVDa9,Alale Ward,West Pokot County
Vfo6mLv2MkA,Batei Ward,West Pokot County
cQvnOvaqDNE,Chepareria Ward,West Pokot County
WteTgAtzuJP,Endugh Ward,West Pokot County
AXu2vRnnxOt,Kapchok Ward,West Pokot County
sXlDThMXKIG,Kapenguria Ward,West Pokot County
WbEoZcJapjw,Kasei Ward,West Pokot County
Yvjwozdmf1M,Kiwawa Ward,West Pokot County
wVGyi6a7FKs,Kodich Ward,West Pokot County
NfgFPylvlvN,Lelan Ward,West Pokot County
V9GqRwFec0l,Lomut Ward,West Pokot County
abEfttdBmpZ,Masool Ward,West Pokot County
OEuGotz3swq,Mnagei Ward,West Pokot County
NZYstvTB9u9,Riwo Ward,West Pokot County
LTr0Kfbxu9C,Sekerr Ward,West Pokot County
zf52hYIUeSz,Siyoi Ward,West Pokot County
UZ1D4NEN1qb,Sook Ward,West Pokot County
ieOIyNJbMxc,Suam Ward,West Pokot County
WmCj9vCPVH2,Tapach Ward,West Pokot County
hS0lXNVsykJ,Wei Wei Ward,West Pokot County
